2020/12/03 18:35:54,22.91,54.04,132651.0,224.0
2020/12/03 18:36:25,22.91,53.83,133607.0,213.0
2020/12/03 18:36:37,22.91,53.81,133287.0,226.0
2020/12/03 18:36:37,22.91,53.83,133074.0,208.0
2020/12/03 18:36:37,22.91,53.84,133500.0,232.0
2020/12/03 18:36:37,22.92,53.87,132651.0,240.0
2020/12/03 18:36:37,22.92,53.88,133821.0,227.0
2020/12/03 18:36:37,22.92,53.86,132862.0,226.0
2020/12/03 18:36:37,22.92,53.85,133714.0,208.0
2020/12/03 18:36:37,22.92,53.83,132335.0,240.0
2020/12/03 18:36:37,22.92,53.8,133180.0,216.0
2020/12/03 18:36:39,22.92,53.8,133500.0,209.0
2020/12/03 18:36:40,22.92,53.8,133287.0,209.0
2020/12/03 18:36:52,22.92,53.81,132968.0,235.0
2020/12/03 18:36:52,22.92,53.84,133180.0,236.0
2020/12/03 18:36:52,22.91,53.87,132546.0,219.0
2020/12/03 18:36:52,22.91,53.92,132546.0,225.0
2020/12/03 18:36:52,22.91,53.99,131398.0,236.0
2020/12/03 18:36:52,22.91,54.1,131191.0,236.0
2020/12/03 18:36:52,22.91,54.27,130882.0,226.0
2020/12/03 18:36:52,22.91,54.45,130677.0,224.0
2020/12/03 18:36:53,22.91,54.52,130882.0,222.0
2020/12/03 18:36:54,22.91,54.54,131501.0,224.0
2020/12/03 18:36:55,22.91,54.52,132757.0,229.0
2020/12/03 18:37:07,22.91,54.44,132757.0,233.0
2020/12/03 18:37:07,22.9,54.4,133180.0,225.0
2020/12/03 18:37:07,22.9,54.36,133393.0,238.0
2020/12/03 18:37:07,22.9,54.33,132757.0,236.0
2020/12/03 18:37:07,22.9,54.3,133929.0,240.0
2020/12/03 18:37:07,22.9,54.24,133714.0,228.0
2020/12/03 18:37:07,22.9,54.15,133287.0,224.0
2020/12/03 18:37:07,22.91,54.1,133500.0,233.0
2020/12/03 18:37:08,22.91,54.02,133821.0,218.0
2020/12/03 18:37:09,22.9,53.97,132440.0,220.0
2020/12/03 18:37:10,22.9,53.92,133500.0,209.0
2020/12/03 18:37:22,22.9,53.92,133500.0,229.0
2020/12/03 18:37:22,22.89,53.9,133074.0,240.0
2020/12/03 18:37:22,22.89,53.87,133714.0,232.0
2020/12/03 18:37:22,22.89,53.83,134468.0,225.0
2020/12/03 18:37:22,22.88,53.81,134036.0,228.0
2020/12/03 18:37:22,22.88,53.78,133714.0,236.0
2020/12/03 18:37:22,22.87,53.75,133287.0,240.0
2020/12/03 18:37:22,22.87,53.74,133929.0,225.0
2020/12/03 18:37:23,22.86,53.74,133929.0,213.0
2020/12/03 18:37:24,22.86,53.73,133180.0,221.0
2020/12/03 18:37:26,22.85,53.72,132968.0,224.0
2020/12/03 18:37:37,22.85,53.76,132862.0,242.0
2020/12/03 18:37:37,22.84,53.79,132231.0,232.0
2020/12/03 18:37:37,22.84,53.84,132440.0,226.0
2020/12/03 18:37:43,22.84,53.9,132126.0,245.0
2020/12/03 18:37:43,22.84,53.95,131191.0,237.0
2020/12/03 18:37:43,22.84,54.05,131501.0,232.0
2020/12/03 18:37:43,22.83,54.11,130780.0,225.0
2020/12/03 18:37:43,22.83,54.2,130677.0,228.0
2020/12/03 18:37:43,22.83,54.33,130780.0,256.0
2020/12/03 18:37:43,22.83,54.42,130780.0,236.0
2020/12/03 18:37:43,22.82,54.53,130066.0,228.0
2020/12/03 18:37:55,22.82,54.62,129360.0,258.0
2020/12/03 18:37:55,22.82,54.71,130168.0,232.0
2020/12/03 18:37:55,22.81,54.78,130269.0,227.0
2020/12/03 18:37:55,22.81,54.83,129360.0,230.0
2020/12/03 18:37:55,22.81,54.89,128961.0,226.0
2020/12/03 18:37:55,22.81,54.97,129561.0,256.0
2020/12/03 18:37:55,22.8,55.04,128168.0,234.0
2020/12/03 18:37:55,22.8,55.1,128464.0,240.0
2020/12/03 18:37:55,22.8,55.17,129060.0,224.0
2020/12/03 18:37:55,22.8,55.21,129160.0,226.0
2020/12/03 18:37:56,22.8,55.26,128168.0,224.0
2020/12/03 18:38:07,22.8,55.28,128762.0,234.0
2020/12/03 18:38:07,22.79,55.32,128861.0,227.0
2020/12/03 18:38:07,22.79,55.35,128861.0,227.0
2020/12/03 18:38:07,22.78,55.39,128861.0,226.0
2020/12/03 18:38:07,22.78,55.42,128861.0,236.0
2020/12/03 18:38:07,22.78,55.46,128861.0,238.0
2020/12/03 18:38:07,22.77,55.49,128563.0,225.0
2020/12/03 18:38:07,22.77,55.52,128662.0,228.0
2020/12/03 18:38:08,22.77,55.55,128762.0,224.0
2020/12/03 18:38:09,22.77,55.55,128267.0,224.0
2020/12/03 18:38:11,22.77,55.57,129060.0,213.0
2020/12/03 18:38:22,22.77,55.58,128365.0,225.0
2020/12/03 18:38:22,22.77,55.59,128861.0,234.0
2020/12/03 18:38:22,22.77,55.59,128168.0,234.0
2020/12/03 18:38:23,22.77,55.58,128168.0,240.0
2020/12/03 18:38:23,22.77,55.58,128365.0,224.0
2020/12/03 18:38:23,22.78,55.57,128563.0,225.0
2020/12/03 18:38:23,22.78,55.51,127972.0,236.0
2020/12/03 18:38:23,22.78,55.48,127776.0,233.0
2020/12/03 18:38:23,22.78,55.47,128070.0,228.0
2020/12/03 18:38:25,22.77,55.43,128563.0,215.0
2020/12/03 18:38:26,22.76,55.43,129260.0,210.0
2020/12/03 18:38:38,22.74,55.41,129561.0,237.0
2020/12/03 18:38:38,22.73,55.33,129260.0,236.0
2020/12/03 18:38:38,22.73,55.28,130066.0,222.0
2020/12/03 18:38:38,22.73,55.24,129360.0,224.0
2020/12/03 18:38:38,22.74,55.21,129060.0,236.0
2020/12/03 18:38:38,22.74,55.16,129160.0,240.0
2020/12/03 18:38:44,22.74,55.12,128464.0,208.0
2020/12/03 18:38:44,22.74,55.13,129360.0,224.0
2020/12/03 18:38:44,22.73,55.16,129763.0,244.0
2020/12/03 18:38:44,22.73,55.2,128762.0,233.0
2020/12/03 18:38:44,22.72,55.23,128961.0,240.0
2020/12/03 18:38:55,22.71,55.26,129561.0,227.0
2020/12/03 18:38:55,22.71,55.3,129160.0,234.0
2020/12/03 18:38:55,22.7,55.34,129060.0,226.0
2020/12/03 18:38:56,22.7,55.38,129461.0,236.0
2020/12/03 18:38:56,22.69,55.4,129662.0,243.0
2020/12/03 18:38:56,22.68,55.38,129461.0,225.0
2020/12/03 18:38:56,22.68,55.36,129864.0,225.0
2020/12/03 18:38:56,22.67,55.37,129864.0,234.0
2020/12/03 18:38:56,22.66,55.34,129662.0,238.0
2020/12/03 18:38:56,22.66,55.3,129864.0,228.0
2020/12/03 18:38:56,22.67,55.29,130269.0,216.0
2020/12/03 18:39:08,22.7,55.27,130168.0,226.0
2020/12/03 18:39:08,22.74,55.25,129864.0,240.0
2020/12/03 18:39:08,22.79,55.27,128762.0,231.0
2020/12/03 18:39:08,22.86,55.26,129160.0,208.0
2020/12/03 18:39:08,22.92,55.25,128861.0,228.0
2020/12/03 18:39:08,22.99,55.26,128168.0,233.0
2020/12/03 18:39:08,23.04,55.23,128762.0,228.0
2020/12/03 18:39:08,23.08,55.18,127874.0,224.0
2020/12/03 18:39:08,23.11,55.15,128365.0,221.0
2020/12/03 18:39:10,23.13,55.2,127191.0,214.0
2020/12/03 18:39:11,23.15,55.35,126805.0,222.0
2020/12/03 18:39:23,23.16,55.46,126805.0,235.0
2020/12/03 18:39:23,23.16,55.5,125188.0,224.0
2020/12/03 18:39:23,23.17,55.49,125659.0,226.0
2020/12/03 18:39:23,23.2,55.49,125282.0,237.0
2020/12/03 18:39:23,23.24,55.43,125754.0,236.0
2020/12/03 18:39:23,23.3,55.37,126420.0,227.0
2020/12/03 18:39:23,23.36,55.26,126420.0,226.0
2020/12/03 18:39:23,23.41,55.12,126998.0,240.0
2020/12/03 18:39:24,23.45,55.03,126229.0,224.0
2020/12/03 18:39:25,23.47,54.95,126516.0,225.0
2020/12/03 18:39:26,23.48,54.86,126325.0,208.0
2020/12/03 18:39:38,23.48,54.78,126134.0,232.0
2020/12/03 18:39:38,23.48,54.72,126229.0,232.0
2020/12/03 18:39:38,23.48,54.64,126708.0,236.0
2020/12/03 18:39:38,23.47,54.61,126901.0,224.0
2020/12/03 18:39:38,23.46,54.56,126805.0,224.0
2020/12/03 18:39:38,23.45,54.54,126325.0,233.0
2020/12/03 18:39:38,23.44,54.51,127191.0,238.0
2020/12/03 18:39:38,23.42,54.52,127385.0,234.0
2020/12/03 18:39:39,23.4,54.51,126805.0,210.0
2020/12/03 18:39:45,23.38,54.53,126229.0,232.0
2020/12/03 18:39:45,23.35,54.57,126708.0,237.0
2020/12/03 18:39:57,23.33,54.58,127288.0,233.0
2020/12/03 18:39:57,23.31,54.62,126805.0,240.0
2020/12/03 18:39:57,23.29,54.64,126805.0,224.0
2020/12/03 18:39:57,23.28,54.67,126516.0,229.0
2020/12/03 18:39:57,23.26,54.69,126229.0,240.0
2020/12/03 18:39:57,23.24,54.69,126612.0,237.0
2020/12/03 18:39:57,23.22,54.7,127288.0,228.0
2020/12/03 18:39:57,23.2,54.74,126612.0,225.0
2020/12/03 18:39:57,23.19,54.74,127094.0,229.0
2020/12/03 18:39:57,23.17,54.76,126708.0,235.0
2020/12/03 18:39:57,23.16,54.79,126229.0,208.0
2020/12/03 18:40:08,23.14,54.81,126805.0,226.0
2020/12/03 18:40:08,23.13,54.82,127288.0,230.0
2020/12/03 18:40:08,23.11,54.85,126612.0,236.0
2020/12/03 18:40:08,23.09,54.89,126420.0,237.0
2020/12/03 18:40:08,23.08,54.9,126805.0,256.0
2020/12/03 18:40:08,23.06,54.94,126998.0,226.0
2020/12/03 18:40:08,23.05,54.97,126998.0,236.0
2020/12/03 18:40:08,23.04,55.03,127094.0,244.0
2020/12/03 18:40:09,23.02,55.05,126039.0,226.0
2020/12/03 18:40:10,23.01,55.07,126612.0,211.0
2020/12/03 18:40:12,23.0,55.12,126708.0,209.0
2020/12/03 18:40:23,22.99,55.15,127094.0,240.0
2020/12/03 18:40:23,22.98,55.19,126805.0,232.0
2020/12/03 18:40:23,22.97,55.2,126805.0,217.0
2020/12/03 18:40:23,22.96,55.23,126420.0,256.0
2020/12/03 18:40:23,22.95,55.24,126998.0,224.0
2020/12/03 18:40:23,22.95,55.26,126901.0,236.0
2020/12/03 18:40:23,22.94,55.29,126901.0,236.0
2020/12/03 18:40:23,22.94,55.29,126708.0,217.0
2020/12/03 18:40:24,22.93,55.31,127385.0,212.0
2020/12/03 18:40:25,22.93,55.32,126420.0,218.0
2020/12/03 18:40:27,22.93,55.29,127580.0,224.0
2020/12/03 18:40:38,22.93,55.29,127288.0,226.0
2020/12/03 18:40:38,22.92,55.27,127483.0,225.0
2020/12/03 18:40:38,22.92,55.2,127776.0,236.0
2020/12/03 18:40:38,22.92,55.16,127678.0,226.0
2020/12/03 18:40:38,22.92,55.13,127874.0,240.0
2020/12/03 18:40:38,22.91,55.07,128168.0,214.0
2020/12/03 18:40:38,22.91,55.03,127678.0,224.0
2020/12/03 18:40:38,22.9,54.99,128168.0,240.0
2020/12/03 18:40:39,22.9,54.95,128464.0,224.0
2020/12/03 18:40:40,22.89,54.93,128267.0,214.0
2020/12/03 18:40:42,22.88,54.92,128365.0,213.0
2020/12/03 18:40:54,22.88,54.9,127580.0,228.0
2020/12/03 18:41:00,22.87,54.92,128267.0,224.0
2020/12/03 18:41:00,22.87,54.93,128168.0,234.0
2020/12/03 18:41:00,22.86,54.95,128365.0,208.0
2020/12/03 18:41:00,22.86,54.98,128070.0,212.0
2020/12/03 18:41:00,22.86,54.99,128070.0,236.0
2020/12/03 18:41:00,22.86,55.01,128267.0,224.0
2020/12/03 18:41:00,22.86,55.02,127483.0,226.0
2020/12/03 18:41:00,22.86,55.02,128563.0,227.0
2020/12/03 18:41:00,22.85,55.01,128861.0,236.0
2020/12/03 18:41:00,22.85,55.01,127972.0,240.0
2020/12/03 18:41:11,22.85,54.99,127580.0,256.0
2020/12/03 18:41:11,22.85,54.99,128168.0,229.0
2020/12/03 18:41:11,22.84,54.99,127191.0,228.0
2020/12/03 18:41:11,22.84,55.01,127972.0,236.0
2020/12/03 18:41:11,22.84,55.02,127678.0,230.0
2020/12/03 18:41:11,22.83,55.02,127874.0,224.0
2020/12/03 18:41:11,22.83,55.02,128365.0,225.0
2020/12/03 18:41:11,22.82,55.03,128070.0,227.0
2020/12/03 18:41:11,22.82,55.05,128168.0,236.0
2020/12/03 18:41:11,22.82,55.05,127288.0,234.0
2020/12/03 18:41:12,22.82,55.05,128365.0,211.0
2020/12/03 18:41:24,22.81,55.02,127483.0,227.0
2020/12/03 18:41:24,22.81,55.01,127972.0,236.0
2020/12/03 18:41:24,22.81,55.01,128070.0,236.0
2020/12/03 18:41:24,22.81,55.01,128070.0,216.0
2020/12/03 18:41:24,22.81,55.01,127580.0,225.0
2020/12/03 18:41:24,22.8,55.0,128464.0,236.0
2020/12/03 18:41:24,22.79,54.97,127972.0,234.0
2020/12/03 18:41:24,22.78,54.98,128365.0,240.0
2020/12/03 18:41:24,22.78,54.97,128563.0,211.0
2020/12/03 18:41:26,22.77,54.97,127972.0,211.0
2020/12/03 18:41:27,22.76,54.98,128070.0,224.0
2020/12/03 18:41:39,22.75,55.01,128464.0,234.0
2020/12/03 18:41:39,22.74,55.06,128168.0,240.0
2020/12/03 18:41:39,22.73,55.14,128762.0,226.0
2020/12/03 18:41:39,22.71,55.22,127580.0,224.0
2020/12/03 18:41:39,22.7,55.29,128070.0,237.0
2020/12/03 18:41:39,22.69,55.35,128464.0,236.0
2020/12/03 18:41:39,22.69,55.41,127972.0,208.0
2020/12/03 18:41:39,22.68,55.44,128762.0,224.0
2020/12/03 18:41:40,22.68,55.49,128070.0,214.0
2020/12/03 18:41:41,22.67,55.52,127385.0,221.0
2020/12/03 18:41:42,22.67,55.56,127483.0,224.0
2020/12/03 18:41:54,22.67,55.6,127385.0,224.0
2020/12/03 18:41:54,22.67,55.62,127972.0,224.0
2020/12/03 18:41:54,22.66,55.62,128168.0,226.0
2020/12/03 18:41:54,22.66,55.64,128267.0,214.0
2020/12/03 18:42:00,22.66,55.65,127580.0,228.0
2020/12/03 18:42:00,22.65,55.68,127972.0,256.0
2020/12/03 18:42:00,22.65,55.69,128365.0,237.0
2020/12/03 18:42:00,22.64,55.68,127678.0,234.0
2020/12/03 18:42:00,22.64,55.68,127288.0,240.0
2020/12/03 18:42:00,22.64,55.64,128070.0,224.0
2020/12/03 18:42:00,22.64,55.62,129060.0,224.0
2020/12/03 18:42:12,22.63,55.57,127678.0,236.0
2020/12/03 18:42:12,22.63,55.55,127483.0,234.0
2020/12/03 18:42:12,22.64,55.51,128762.0,230.0
2020/12/03 18:42:12,22.64,55.49,127776.0,213.0
2020/12/03 18:42:12,22.63,55.45,128168.0,228.0
2020/12/03 18:42:12,22.63,55.42,128168.0,236.0
2020/12/03 18:42:12,22.62,55.4,128762.0,240.0
2020/12/03 18:42:12,22.62,55.39,128961.0,224.0
2020/12/03 18:42:12,22.61,55.35,128267.0,224.0
2020/12/03 18:42:12,22.6,55.3,128168.0,240.0
2020/12/03 18:42:12,22.6,55.25,128961.0,224.0
2020/12/03 18:42:24,22.6,55.21,128267.0,224.0
2020/12/03 18:42:24,22.6,55.18,128464.0,226.0
2020/12/03 18:42:24,22.6,55.16,128662.0,236.0
2020/12/03 18:42:24,22.59,55.12,129461.0,236.0
2020/12/03 18:42:24,22.59,55.06,129160.0,240.0
2020/12/03 18:42:24,22.58,55.02,129160.0,230.0
2020/12/03 18:42:24,22.58,55.0,128861.0,227.0
2020/12/03 18:42:24,22.58,55.0,129360.0,237.0
2020/12/03 18:42:25,22.57,54.99,128365.0,224.0
2020/12/03 18:42:26,22.57,55.0,129864.0,229.0
2020/12/03 18:42:28,22.57,54.98,128365.0,210.0
2020/12/03 18:42:39,22.57,55.0,129561.0,228.0
2020/12/03 18:42:39,22.56,55.02,129160.0,235.0
2020/12/03 18:42:39,22.56,55.03,128861.0,237.0
2020/12/03 18:42:39,22.56,55.04,129461.0,226.0
2020/12/03 18:42:39,22.55,55.05,128861.0,228.0
2020/12/03 18:42:39,22.55,55.08,129060.0,233.0
2020/12/03 18:42:39,22.55,55.11,129461.0,222.0
2020/12/03 18:42:39,22.55,55.14,129561.0,232.0
2020/12/03 18:42:40,22.55,55.19,129461.0,210.0
2020/12/03 18:42:41,22.55,55.25,129461.0,220.0
2020/12/03 18:42:43,22.55,55.31,128168.0,219.0
2020/12/03 18:42:54,22.54,55.38,128961.0,240.0
2020/12/03 18:42:54,22.53,55.46,128762.0,230.0
2020/12/03 18:42:54,22.53,55.52,127385.0,224.0
2020/12/03 18:42:54,22.52,55.59,128267.0,236.0
2020/12/03 18:42:54,22.51,55.62,128563.0,233.0
2020/12/03 18:42:54,22.51,55.67,127678.0,240.0
2020/12/03 18:42:54,22.5,55.71,127972.0,228.0
2020/12/03 18:43:01,22.5,55.77,128464.0,224.0
2020/12/03 18:43:01,22.49,55.81,128762.0,233.0
2020/12/03 18:43:01,22.49,55.81,128365.0,236.0
2020/12/03 18:43:01,22.49,55.77,128563.0,224.0
2020/12/03 18:43:12,22.48,55.76,128168.0,221.0
2020/12/03 18:43:12,22.48,55.77,127678.0,230.0
2020/12/03 18:43:12,22.48,55.77,127580.0,235.0
2020/12/03 18:43:12,22.49,55.78,128168.0,231.0
2020/12/03 18:43:12,22.49,55.78,128861.0,226.0
2020/12/03 18:43:12,22.49,55.79,128563.0,235.0
2020/12/03 18:43:12,22.49,55.79,128168.0,234.0
2020/12/03 18:43:12,22.49,55.78,128267.0,224.0
2020/12/03 18:43:12,22.48,55.78,128168.0,228.0
2020/12/03 18:43:12,22.48,55.78,128961.0,226.0
2020/12/03 18:43:13,22.48,55.76,127483.0,218.0
2020/12/03 18:43:25,22.47,55.76,129260.0,235.0
2020/12/03 18:43:25,22.47,55.75,128762.0,240.0
2020/12/03 18:43:25,22.47,55.72,128168.0,226.0
2020/12/03 18:43:25,22.47,55.72,128070.0,227.0
2020/12/03 18:43:25,22.47,55.71,127678.0,240.0
2020/12/03 18:43:25,22.47,55.69,127972.0,240.0
2020/12/03 18:43:25,22.47,55.71,128762.0,230.0
2020/12/03 18:43:25,22.46,55.71,127972.0,226.0
2020/12/03 18:43:25,22.46,55.69,127874.0,210.0
2020/12/03 18:43:27,22.45,55.68,128070.0,224.0
2020/12/03 18:43:28,22.45,55.65,128762.0,224.0
2020/12/03 18:43:40,22.44,55.62,127972.0,224.0
2020/12/03 18:43:40,22.44,55.56,127874.0,232.0
2020/12/03 18:43:40,22.44,55.55,127972.0,234.0
2020/12/03 18:43:40,22.44,55.51,128070.0,230.0
2020/12/03 18:43:40,22.43,55.51,128563.0,224.0
2020/12/03 18:43:40,22.43,55.52,128070.0,227.0
2020/12/03 18:43:40,22.43,55.55,128168.0,232.0
2020/12/03 18:43:40,22.43,55.54,128267.0,236.0
2020/12/03 18:43:40,22.43,55.54,127580.0,228.0
2020/12/03 18:43:42,22.43,55.54,127972.0,213.0
2020/12/03 18:43:43,22.43,55.56,128365.0,214.0
2020/12/03 18:43:55,22.42,55.57,127776.0,238.0
2020/12/03 18:43:55,22.42,55.62,128070.0,237.0
2020/12/03 18:43:55,22.42,55.66,128861.0,208.0
2020/12/03 18:43:55,22.42,55.69,127972.0,224.0
2020/12/03 18:43:55,22.41,55.75,128168.0,228.0
2020/12/03 18:43:55,22.41,55.78,127776.0,233.0
2020/12/03 18:43:55,22.4,55.86,127483.0,238.0
2020/12/03 18:43:55,22.4,55.91,127385.0,224.0
2020/12/03 18:43:55,22.39,55.96,127580.0,212.0
2020/12/03 18:43:57,22.38,56.02,127972.0,215.0
2020/12/03 18:44:03,22.37,56.08,127678.0,236.0
2020/12/03 18:44:15,22.36,56.11,127483.0,224.0
2020/12/03 18:44:15,22.36,56.16,127874.0,228.0
2020/12/03 18:44:15,22.35,56.15,128070.0,236.0
2020/12/03 18:44:15,22.35,56.18,128563.0,236.0
2020/12/03 18:44:15,22.34,56.17,128070.0,240.0
2020/12/03 18:44:15,22.34,56.2,128464.0,224.0
2020/12/03 18:44:15,22.34,56.19,127580.0,240.0
2020/12/03 18:44:15,22.34,56.16,128563.0,216.0
2020/12/03 18:44:15,22.34,56.14,128070.0,256.0
2020/12/03 18:44:15,22.34,56.11,127972.0,243.0
2020/12/03 18:44:15,22.34,56.06,127776.0,217.0
2020/12/03 18:44:26,22.35,56.02,127972.0,228.0
2020/12/03 18:44:26,22.35,55.98,127580.0,240.0
2020/12/03 18:44:26,22.35,55.95,128070.0,235.0
2020/12/03 18:44:26,22.35,55.93,127385.0,224.0
2020/12/03 18:44:26,22.35,55.92,127580.0,224.0
2020/12/03 18:44:26,22.35,55.88,128563.0,226.0
2020/12/03 18:44:26,22.35,55.89,128070.0,236.0
2020/12/03 18:44:26,22.35,55.86,127972.0,232.0
2020/12/03 18:44:26,22.35,55.84,126708.0,228.0
2020/12/03 18:44:27,22.35,55.8,127288.0,224.0
2020/12/03 18:44:28,22.34,55.77,127288.0,224.0
2020/12/03 18:44:40,22.33,55.76,127288.0,226.0
2020/12/03 18:44:40,22.33,55.75,127678.0,230.0
2020/12/03 18:44:40,22.33,55.77,127972.0,228.0
2020/12/03 18:44:40,22.33,55.78,127580.0,240.0
2020/12/03 18:44:40,22.33,55.78,127191.0,234.0
2020/12/03 18:44:40,22.33,55.78,127580.0,240.0
2020/12/03 18:44:40,22.33,55.79,127191.0,224.0
2020/12/03 18:44:40,22.33,55.76,127483.0,228.0
2020/12/03 18:44:41,22.32,55.74,127191.0,220.0
2020/12/03 18:44:42,22.32,55.71,127483.0,222.0
2020/12/03 18:44:44,22.32,55.67,127094.0,221.0
2020/12/03 18:44:55,22.32,55.65,127094.0,224.0
2020/12/03 18:44:55,22.32,55.64,126998.0,216.0
2020/12/03 18:44:55,22.32,55.63,126901.0,240.0
2020/12/03 18:44:55,22.32,55.65,128070.0,231.0
2020/12/03 18:44:55,22.32,55.65,127094.0,224.0
2020/12/03 18:44:55,22.32,55.66,127094.0,232.0
2020/12/03 18:44:55,22.32,55.65,127191.0,234.0
2020/12/03 18:44:55,22.31,55.65,126998.0,230.0
2020/12/03 18:44:56,22.31,55.67,127678.0,228.0
2020/12/03 18:44:57,22.31,55.67,127094.0,214.0
2020/12/03 18:44:59,22.31,55.67,126901.0,224.0
2020/12/03 18:45:10,22.31,55.68,127972.0,240.0
2020/12/03 18:45:10,22.31,55.69,127191.0,240.0
2020/12/03 18:45:17,22.31,55.72,127191.0,227.0
2020/12/03 18:45:17,22.31,55.74,127483.0,228.0
2020/12/03 18:45:17,22.31,55.76,127288.0,238.0
2020/12/03 18:45:17,22.3,55.77,127288.0,234.0
2020/12/03 18:45:17,22.3,55.76,127191.0,224.0
2020/12/03 18:45:17,22.29,55.75,127776.0,228.0
2020/12/03 18:45:17,22.29,55.77,127191.0,224.0
2020/12/03 18:45:17,22.28,55.81,127678.0,240.0
2020/12/03 18:45:17,22.28,55.88,127874.0,240.0
2020/12/03 18:45:28,22.28,55.92,127972.0,208.0
2020/12/03 18:45:28,22.27,55.99,127191.0,228.0
2020/12/03 18:45:28,22.27,56.05,127385.0,236.0
2020/12/03 18:45:28,22.27,56.08,128267.0,238.0
2020/12/03 18:45:28,22.26,56.11,127874.0,250.0
2020/12/03 18:45:28,22.26,56.14,127972.0,227.0
2020/12/03 18:45:28,22.25,56.14,128070.0,234.0
2020/12/03 18:45:28,22.25,56.16,127972.0,236.0
2020/12/03 18:45:28,22.25,56.18,128365.0,237.0
2020/12/03 18:45:28,22.24,56.19,127288.0,230.0
2020/12/03 18:45:29,22.24,56.19,127483.0,210.0
2020/12/03 18:45:40,22.24,56.18,127483.0,240.0
2020/12/03 18:45:40,22.24,56.17,128070.0,234.0
2020/12/03 18:45:40,22.24,56.17,127776.0,222.0
2020/12/03 18:45:40,22.24,56.19,127972.0,230.0
2020/12/03 18:45:40,22.23,56.21,128267.0,228.0
2020/12/03 18:45:40,22.23,56.26,127191.0,240.0
2020/12/03 18:45:40,22.23,56.29,127580.0,238.0
2020/12/03 18:45:40,22.23,56.32,127874.0,212.0
2020/12/03 18:45:41,22.23,56.32,127874.0,213.0
2020/12/03 18:45:43,22.22,56.34,127483.0,213.0
2020/12/03 18:45:44,22.22,56.36,128563.0,224.0
2020/12/03 18:45:56,22.22,56.38,128168.0,232.0
2020/12/03 18:45:56,22.21,56.4,128762.0,221.0
2020/12/03 18:45:56,22.2,56.42,128365.0,234.0
2020/12/03 18:45:56,22.2,56.45,127874.0,234.0
2020/12/03 18:45:56,22.19,56.46,127776.0,228.0
2020/12/03 18:45:56,22.18,56.48,127191.0,232.0
2020/12/03 18:45:56,22.18,56.5,127776.0,228.0
2020/12/03 18:45:56,22.17,56.5,127288.0,234.0
2020/12/03 18:45:56,22.17,56.53,127288.0,227.0
2020/12/03 18:45:58,22.17,56.54,128662.0,226.0
2020/12/03 18:45:59,22.16,56.54,127678.0,216.0
2020/12/03 18:46:11,22.16,56.51,127191.0,225.0
2020/12/03 18:46:11,22.16,56.49,127972.0,240.0
2020/12/03 18:46:11,22.16,56.44,127972.0,238.0
2020/12/03 18:46:11,22.16,56.4,127972.0,230.0
2020/12/03 18:46:11,22.16,56.38,127191.0,225.0
2020/12/03 18:46:17,22.16,56.34,127972.0,226.0
2020/12/03 18:46:17,22.16,56.32,126998.0,235.0
2020/12/03 18:46:17,22.16,56.32,127288.0,237.0
2020/12/03 18:46:17,22.17,56.32,127972.0,224.0
2020/12/03 18:46:17,22.17,56.33,127288.0,230.0
2020/12/03 18:46:17,22.17,56.34,128168.0,236.0
2020/12/03 18:46:28,22.16,56.39,128365.0,232.0
2020/12/03 18:46:28,22.16,56.41,127483.0,214.0
2020/12/03 18:46:28,22.16,56.44,127776.0,225.0
2020/12/03 18:46:28,22.15,56.44,128267.0,238.0
2020/12/03 18:46:28,22.15,56.47,126708.0,240.0
2020/12/03 18:46:28,22.15,56.5,126229.0,240.0
2020/12/03 18:46:28,22.15,56.62,125848.0,224.0
2020/12/03 18:46:28,22.15,56.69,126612.0,225.0
2020/12/03 18:46:28,22.15,56.69,125848.0,231.0
2020/12/03 18:46:28,22.16,56.64,126039.0,230.0
2020/12/03 18:46:29,22.16,56.54,126325.0,202.0
2020/12/03 18:46:41,22.16,56.38,125659.0,230.0
2020/12/03 18:46:41,22.15,56.24,126612.0,226.0
2020/12/03 18:46:41,22.15,56.1,126420.0,240.0
2020/12/03 18:46:41,22.15,55.97,126039.0,236.0
2020/12/03 18:46:41,22.16,55.82,125659.0,228.0
2020/12/03 18:46:41,22.16,55.71,126708.0,226.0
2020/12/03 18:46:41,22.17,55.63,126420.0,240.0
2020/12/03 18:46:41,22.18,55.58,126325.0,246.0
2020/12/03 18:46:42,22.19,55.54,126612.0,205.0
2020/12/03 18:46:43,22.2,55.49,126134.0,216.0
2020/12/03 18:46:44,22.21,55.5,126229.0,226.0
2020/12/03 18:46:56,22.21,55.48,126516.0,237.0
2020/12/03 18:46:56,22.22,55.49,126229.0,257.0
2020/12/03 18:46:56,22.22,55.57,126805.0,229.0
2020/12/03 18:46:56,22.22,55.64,126805.0,225.0
2020/12/03 18:46:56,22.22,55.74,125754.0,234.0
2020/12/03 18:46:56,22.22,55.84,127874.0,240.0
2020/12/03 18:46:56,22.23,55.94,127191.0,242.0
2020/12/03 18:46:56,22.23,56.03,127483.0,194.0
2020/12/03 18:46:57,22.23,56.09,127288.0,213.0
2020/12/03 18:46:58,22.23,56.11,127094.0,220.0
2020/12/03 18:46:59,22.23,56.15,126998.0,222.0
2020/12/03 18:47:11,22.24,56.17,127776.0,228.0
2020/12/03 18:47:11,22.24,56.19,127972.0,228.0
2020/12/03 18:47:11,22.24,56.2,127580.0,231.0
2020/12/03 18:47:11,22.24,56.2,127580.0,236.0
2020/12/03 18:47:11,22.24,56.21,127385.0,209.0
2020/12/03 18:47:11,22.24,56.24,126516.0,230.0
2020/12/03 18:47:11,22.24,56.25,127483.0,233.0
2020/12/03 18:47:11,22.24,56.24,126998.0,238.0
2020/12/03 18:47:17,22.25,56.22,127191.0,240.0
2020/12/03 18:47:17,22.25,56.19,127385.0,225.0
2020/12/03 18:47:17,22.26,56.13,127191.0,227.0
2020/12/03 18:47:29,22.27,56.1,126325.0,238.0
2020/12/03 18:47:29,22.28,56.05,126805.0,233.0
2020/12/03 18:47:29,22.29,56.01,126998.0,240.0
2020/12/03 18:47:29,22.3,55.96,126998.0,224.0
2020/12/03 18:47:29,22.31,55.92,126805.0,226.0
2020/12/03 18:47:29,22.33,55.88,126805.0,235.0
2020/12/03 18:47:29,22.33,55.83,126998.0,228.0
2020/12/03 18:47:29,22.35,55.84,127483.0,230.0
2020/12/03 18:47:29,22.35,55.82,126708.0,227.0
2020/12/03 18:47:29,22.35,55.85,128168.0,226.0
2020/12/03 18:47:30,22.35,55.86,127483.0,220.0
2020/12/03 18:47:41,22.35,55.88,126998.0,232.0
2020/12/03 18:47:41,22.35,55.93,127191.0,225.0
2020/12/03 18:47:41,22.35,56.03,126612.0,224.0
2020/12/03 18:47:41,22.35,56.14,126708.0,233.0
2020/12/03 18:47:41,22.36,56.25,125470.0,220.0
2020/12/03 18:47:41,22.36,56.38,125094.0,221.0
2020/12/03 18:47:41,22.37,56.53,125564.0,226.0
2020/12/03 18:47:41,22.37,56.67,124906.0,239.0
2020/12/03 18:47:42,22.38,56.72,125188.0,224.0
2020/12/03 18:47:43,22.39,56.75,124441.0,214.0
2020/12/03 18:47:45,22.39,56.76,124348.0,209.0
2020/12/03 18:47:56,22.4,56.74,125659.0,226.0
2020/12/03 18:47:56,22.4,56.7,125564.0,240.0
2020/12/03 18:47:56,22.41,56.62,125282.0,240.0
2020/12/03 18:47:56,22.41,56.55,125376.0,229.0
2020/12/03 18:47:56,22.42,56.49,126229.0,229.0
2020/12/03 18:47:56,22.42,56.42,126901.0,227.0
2020/12/03 18:47:56,22.42,56.36,127191.0,236.0
2020/12/03 18:47:56,22.43,56.33,126229.0,237.0
2020/12/03 18:47:57,22.43,56.28,127094.0,218.0
2020/12/03 18:47:58,22.43,56.22,126805.0,216.0
2020/12/03 18:48:00,22.44,56.19,126805.0,224.0
2020/12/03 18:48:11,22.44,56.13,127580.0,238.0
2020/12/03 18:48:11,22.44,56.08,126998.0,226.0
2020/12/03 18:48:11,22.45,56.04,127288.0,225.0
2020/12/03 18:48:12,22.45,56.0,127776.0,235.0
2020/12/03 18:48:12,22.45,55.96,127191.0,236.0
2020/12/03 18:48:12,22.45,55.92,127385.0,240.0
2020/12/03 18:48:12,22.45,55.91,126901.0,228.0
2020/12/03 18:48:12,22.44,55.87,127580.0,226.0
2020/12/03 18:48:12,22.44,55.78,126901.0,222.0
2020/12/03 18:48:14,22.44,55.64,126612.0,208.0
2020/12/03 18:48:15,22.43,55.51,126325.0,224.0
2020/12/03 18:48:33,22.43,55.36,126516.0,218.0
2020/12/03 18:48:33,22.43,55.22,125659.0,225.0
2020/12/03 18:48:33,22.42,55.09,126039.0,240.0
2020/12/03 18:48:33,22.41,55.0,126420.0,232.0
2020/12/03 18:48:33,22.41,54.9,126229.0,224.0
2020/12/03 18:48:33,22.41,54.83,127288.0,232.0
2020/12/03 18:48:33,22.41,54.77,127580.0,228.0
2020/12/03 18:48:33,22.4,54.74,126805.0,236.0
2020/12/03 18:48:33,22.4,54.73,127191.0,232.0
2020/12/03 18:48:33,22.41,54.75,127483.0,231.0
2020/12/03 18:48:33,22.41,54.84,126901.0,224.0
2020/12/03 18:48:45,22.41,54.9,126612.0,238.0
2020/12/03 18:48:45,22.41,54.92,127094.0,234.0
2020/12/03 18:48:45,22.42,54.94,126325.0,232.0
2020/12/03 18:48:45,22.42,54.98,127385.0,226.0
2020/12/03 18:48:45,22.42,55.07,126516.0,235.0
2020/12/03 18:48:45,22.43,55.11,126420.0,240.0
2020/12/03 18:48:45,22.43,55.11,127191.0,240.0
2020/12/03 18:48:45,22.43,55.11,126134.0,229.0
2020/12/03 18:48:45,22.43,55.09,126901.0,225.0
2020/12/03 18:48:45,22.42,55.07,127191.0,233.0
2020/12/03 18:48:45,22.42,55.07,126229.0,220.0
2020/12/03 18:48:57,22.42,55.04,127776.0,232.0
2020/12/03 18:48:57,22.42,55.02,127288.0,220.0
2020/12/03 18:48:57,22.42,54.98,126805.0,226.0
2020/12/03 18:48:57,22.42,54.91,126612.0,230.0
2020/12/03 18:48:57,22.42,54.77,126901.0,250.0
2020/12/03 18:48:57,22.42,54.57,127191.0,226.0
2020/12/03 18:48:57,22.42,54.38,126998.0,224.0
2020/12/03 18:48:57,22.41,54.2,126998.0,237.0
2020/12/03 18:48:57,22.41,54.1,127094.0,216.0
2020/12/03 18:48:59,22.41,54.03,127678.0,211.0
2020/12/03 18:49:00,22.4,54.02,127580.0,218.0
2020/12/03 18:49:12,22.4,54.01,127776.0,236.0
2020/12/03 18:49:12,22.4,54.02,127776.0,238.0
2020/12/03 18:49:12,22.4,54.02,127580.0,240.0
2020/12/03 18:49:12,22.4,54.03,127874.0,225.0
2020/12/03 18:49:12,22.4,54.06,127776.0,224.0
2020/12/03 18:49:12,22.4,54.09,127288.0,234.0
2020/12/03 18:49:12,22.4,54.13,127385.0,234.0
2020/12/03 18:49:12,22.4,54.13,126612.0,226.0
2020/12/03 18:49:13,22.41,54.03,126998.0,212.0
2020/12/03 18:49:14,22.41,53.89,127191.0,210.0
2020/12/03 18:49:15,22.41,53.78,126901.0,221.0
2020/12/03 18:49:27,22.42,53.7,127972.0,230.0
2020/12/03 18:49:27,22.42,53.7,127288.0,229.0
2020/12/03 18:49:27,22.42,53.7,127288.0,226.0
2020/12/03 18:49:33,22.42,53.7,128464.0,236.0
2020/12/03 18:49:33,22.42,53.74,128168.0,236.0
2020/12/03 18:49:33,22.42,53.79,127678.0,229.0
2020/12/03 18:49:33,22.42,53.81,128365.0,226.0
2020/12/03 18:49:33,22.43,53.84,128168.0,236.0
2020/12/03 18:49:33,22.43,53.91,128267.0,238.0
2020/12/03 18:49:33,22.43,54.0,128168.0,240.0
2020/12/03 18:49:33,22.43,54.09,128267.0,226.0
2020/12/03 18:49:45,22.44,54.21,128365.0,226.0
2020/12/03 18:49:45,22.44,54.3,127385.0,238.0
2020/12/03 18:49:45,22.45,54.36,127972.0,236.0
2020/12/03 18:49:45,22.45,54.45,127972.0,240.0
2020/12/03 18:49:45,22.46,54.53,126805.0,226.0
2020/12/03 18:49:45,22.47,54.6,128365.0,224.0
2020/12/03 18:49:45,22.48,54.65,127776.0,234.0
2020/12/03 18:49:45,22.48,54.69,126901.0,240.0
2020/12/03 18:49:45,22.49,54.7,127776.0,226.0
2020/12/03 18:49:45,22.49,54.71,126805.0,225.0
2020/12/03 18:49:46,22.5,54.73,126901.0,208.0
2020/12/03 18:49:57,22.5,54.76,127580.0,237.0
2020/12/03 18:49:57,22.5,54.73,127288.0,230.0
2020/12/03 18:49:57,22.5,54.65,126901.0,228.0
2020/12/03 18:49:57,22.5,54.56,128168.0,238.0
2020/12/03 18:49:57,22.5,54.47,127483.0,236.0
2020/12/03 18:49:57,22.51,54.38,126998.0,240.0
2020/12/03 18:49:57,22.51,54.28,127191.0,229.0
2020/12/03 18:49:57,22.51,54.18,128267.0,224.0
2020/12/03 18:49:58,22.51,54.11,127874.0,221.0
2020/12/03 18:49:59,22.51,54.04,127776.0,224.0
2020/12/03 18:50:01,22.51,53.99,127094.0,224.0
2020/12/03 18:50:12,22.51,53.9,127483.0,224.0
2020/12/03 18:50:12,22.51,53.84,127776.0,225.0
2020/12/03 18:50:12,22.5,53.81,127580.0,240.0
2020/12/03 18:50:12,22.51,53.79,127776.0,236.0
2020/12/03 18:50:12,22.51,53.79,128267.0,224.0
2020/12/03 18:50:12,22.51,53.82,127385.0,225.0
2020/12/03 18:50:12,22.52,53.91,127972.0,224.0
2020/12/03 18:50:12,22.52,54.02,127678.0,237.0
2020/12/03 18:50:13,22.53,54.1,128267.0,216.0
2020/12/03 18:50:14,22.53,54.15,127385.0,215.0
2020/12/03 18:50:16,22.53,54.13,127385.0,218.0
2020/12/03 18:50:27,22.54,54.08,127483.0,233.0
2020/12/03 18:50:27,22.54,54.01,127288.0,217.0
2020/12/03 18:50:27,22.55,53.94,127874.0,230.0
2020/12/03 18:50:27,22.55,53.92,127385.0,226.0
2020/12/03 18:50:27,22.55,53.9,127288.0,234.0
2020/12/03 18:50:27,22.56,53.86,127874.0,236.0
2020/12/03 18:50:34,22.56,53.86,127288.0,240.0
2020/12/03 18:50:34,22.57,53.92,128365.0,229.0
2020/12/03 18:50:34,22.57,53.94,127580.0,224.0
2020/12/03 18:50:34,22.57,53.93,128464.0,234.0
2020/12/03 18:50:34,22.57,53.89,128070.0,214.0
2020/12/03 18:50:46,22.57,53.88,128961.0,224.0
2020/12/03 18:50:46,22.58,53.87,128365.0,229.0
2020/12/03 18:50:46,22.58,53.85,127776.0,228.0
2020/12/03 18:50:46,22.58,53.83,127580.0,233.0
2020/12/03 18:50:46,22.59,53.83,128267.0,238.0
2020/12/03 18:50:46,22.59,53.83,127972.0,211.0
2020/12/03 18:50:46,22.59,53.83,127580.0,227.0
2020/12/03 18:50:46,22.6,53.82,128365.0,234.0
2020/12/03 18:50:46,22.6,53.78,128168.0,237.0
2020/12/03 18:50:46,22.6,53.75,128563.0,227.0
2020/12/03 18:50:46,22.6,53.7,127776.0,213.0
2020/12/03 18:50:58,22.6,53.67,128464.0,234.0
2020/12/03 18:50:58,22.6,53.64,127580.0,233.0
2020/12/03 18:50:58,22.6,53.6,128464.0,236.0
2020/12/03 18:50:58,22.6,53.59,127776.0,226.0
2020/12/03 18:50:58,22.6,53.61,127580.0,227.0
2020/12/03 18:50:58,22.6,53.67,128168.0,236.0
2020/12/03 18:50:58,22.6,53.72,127385.0,239.0
2020/12/03 18:50:58,22.6,53.75,127580.0,240.0
2020/12/03 18:50:58,22.6,53.8,128168.0,208.0
2020/12/03 18:51:00,22.6,53.84,127874.0,210.0
2020/12/03 18:51:01,22.6,53.87,126708.0,220.0
2020/12/03 18:51:13,22.6,53.88,127483.0,236.0
2020/12/03 18:51:13,22.61,53.86,127874.0,226.0
2020/12/03 18:51:13,22.61,53.83,126901.0,224.0
2020/12/03 18:51:13,22.61,53.77,127094.0,228.0
2020/12/03 18:51:13,22.61,53.72,127874.0,236.0
2020/12/03 18:51:13,22.61,53.68,127483.0,212.0
2020/12/03 18:51:13,22.61,53.68,127288.0,225.0
2020/12/03 18:51:13,22.62,53.69,127580.0,235.0
2020/12/03 18:51:13,22.62,53.73,127191.0,224.0
2020/12/03 18:51:15,22.62,53.79,127972.0,208.0
2020/12/03 18:51:16,22.62,53.84,127288.0,208.0
2020/12/03 18:51:28,22.62,53.9,127191.0,224.0
2020/12/03 18:51:28,22.62,53.94,127776.0,233.0
2020/12/03 18:51:28,22.63,54.0,127483.0,240.0
2020/12/03 18:51:28,22.63,54.04,127191.0,240.0
2020/12/03 18:51:28,22.63,54.1,126805.0,226.0
2020/12/03 18:51:28,22.63,54.13,127288.0,224.0
2020/12/03 18:51:28,22.63,54.14,127776.0,237.0
2020/12/03 18:51:28,22.63,54.16,126708.0,234.0
2020/12/03 18:51:29,22.63,54.16,126901.0,208.0
2020/12/03 18:51:35,22.63,54.15,127191.0,224.0
2020/12/03 18:51:35,22.63,54.07,126805.0,225.0
2020/12/03 18:51:46,22.63,54.02,127094.0,237.0
2020/12/03 18:51:46,22.62,53.97,127776.0,228.0
2020/12/03 18:51:46,22.62,53.96,127678.0,210.0
2020/12/03 18:51:46,22.63,54.0,126998.0,232.0
2020/12/03 18:51:46,22.63,54.09,127385.0,234.0
2020/12/03 18:51:46,22.63,54.18,126998.0,230.0
2020/12/03 18:51:46,22.62,54.3,127191.0,225.0
2020/12/03 18:51:46,22.62,54.38,126901.0,224.0
2020/12/03 18:51:46,22.62,54.4,127385.0,233.0
2020/12/03 18:51:46,22.61,54.41,126998.0,236.0
2020/12/03 18:51:46,22.61,54.42,126420.0,240.0
2020/12/03 18:51:58,22.61,54.42,125943.0,224.0
2020/12/03 18:51:58,22.61,54.46,126901.0,228.0
2020/12/03 18:51:58,22.61,54.5,126901.0,234.0
2020/12/03 18:51:58,22.61,54.56,126805.0,236.0
2020/12/03 18:51:58,22.6,54.6,126612.0,208.0
2020/12/03 18:51:58,22.6,54.61,127094.0,225.0
2020/12/03 18:51:58,22.6,54.63,126516.0,224.0
2020/12/03 18:51:58,22.6,54.67,126229.0,236.0
2020/12/03 18:51:59,22.59,54.7,126805.0,224.0
2020/12/03 18:52:00,22.59,54.74,126805.0,198.0
2020/12/03 18:52:01,22.6,54.77,126901.0,210.0
2020/12/03 18:52:13,22.6,54.73,126998.0,245.0
2020/12/03 18:52:13,22.6,54.7,126420.0,238.0
2020/12/03 18:52:13,22.61,54.64,126039.0,224.0
2020/12/03 18:52:13,22.61,54.59,126134.0,216.0
2020/12/03 18:52:13,22.61,54.56,126998.0,233.0
2020/12/03 18:52:13,22.62,54.52,126420.0,235.0
2020/12/03 18:52:13,22.62,54.49,127191.0,236.0
2020/12/03 18:52:13,22.62,54.45,125848.0,224.0
2020/12/03 18:52:14,22.62,54.41,126708.0,212.0
2020/12/03 18:52:15,22.62,54.34,126805.0,221.0
2020/12/03 18:52:17,22.62,54.26,126805.0,212.0
2020/12/03 18:52:28,22.61,54.14,126612.0,240.0
2020/12/03 18:52:28,22.61,54.12,126039.0,225.0
2020/12/03 18:52:28,22.61,54.07,126708.0,228.0
2020/12/03 18:52:28,22.6,54.0,126998.0,236.0
2020/12/03 18:52:28,22.6,53.96,127094.0,240.0
2020/12/03 18:52:28,22.59,53.9,128070.0,227.0
2020/12/03 18:52:28,22.59,53.85,127580.0,224.0
2020/12/03 18:52:28,22.59,53.81,127776.0,229.0
2020/12/03 18:52:29,22.59,53.81,127972.0,221.0
2020/12/03 18:52:30,22.58,53.79,127580.0,214.0
2020/12/03 18:52:32,22.58,53.8,127191.0,208.0
2020/12/03 18:52:43,22.58,53.83,127385.0,224.0
2020/12/03 18:52:49,22.58,53.85,127776.0,241.0
2020/12/03 18:52:49,22.58,53.88,127580.0,240.0
2020/12/03 18:52:49,22.58,53.9,127580.0,242.0
2020/12/03 18:52:49,22.59,53.92,127191.0,224.0
2020/12/03 18:52:49,22.59,53.95,127288.0,234.0
2020/12/03 18:52:49,22.6,53.96,127678.0,234.0
2020/12/03 18:52:49,22.6,53.98,127678.0,240.0
2020/12/03 18:52:49,22.6,54.01,127288.0,220.0
2020/12/03 18:52:49,22.61,54.04,126998.0,228.0
2020/12/03 18:52:49,22.61,54.06,128070.0,234.0
2020/12/03 18:53:01,22.62,54.05,128365.0,237.0
2020/12/03 18:53:01,22.62,54.08,128267.0,217.0
2020/12/03 18:53:01,22.63,54.07,128365.0,224.0
2020/12/03 18:53:01,22.63,54.03,127288.0,236.0
2020/12/03 18:53:01,22.63,54.04,127385.0,237.0
2020/12/03 18:53:01,22.63,54.04,127580.0,228.0
2020/12/03 18:53:01,22.64,54.05,127288.0,224.0
2020/12/03 18:53:01,22.64,54.01,127972.0,226.0
2020/12/03 18:53:01,22.64,53.99,127678.0,237.0
2020/12/03 18:53:01,22.64,53.96,127972.0,228.0
2020/12/03 18:53:02,22.65,53.97,127191.0,216.0
2020/12/03 18:53:14,22.65,53.96,128365.0,226.0
2020/12/03 18:53:14,22.65,53.94,127776.0,234.0
2020/12/03 18:53:14,22.65,53.89,127874.0,238.0
2020/12/03 18:53:14,22.65,53.89,128563.0,240.0
2020/12/03 18:53:14,22.64,53.9,128563.0,222.0
2020/12/03 18:53:14,22.64,53.95,128961.0,224.0
2020/12/03 18:53:14,22.63,54.01,127972.0,237.0
2020/12/03 18:53:14,22.62,54.01,127972.0,230.0
2020/12/03 18:53:14,22.62,54.0,127580.0,228.0
2020/12/03 18:53:16,22.61,53.99,128267.0,213.0
2020/12/03 18:53:17,22.61,53.99,128267.0,210.0
2020/12/03 18:53:29,22.6,54.02,128365.0,236.0
2020/12/03 18:53:29,22.6,54.06,128365.0,226.0
2020/12/03 18:53:29,22.61,54.12,128961.0,218.0
2020/12/03 18:53:29,22.61,54.17,128168.0,226.0
2020/12/03 18:53:29,22.61,54.21,127580.0,234.0
2020/12/03 18:53:29,22.61,54.26,127678.0,234.0
2020/12/03 18:53:29,22.61,54.29,126805.0,224.0
2020/12/03 18:53:29,22.61,54.31,126325.0,226.0
2020/12/03 18:53:29,22.61,54.31,127288.0,225.0
2020/12/03 18:53:31,22.61,54.31,126516.0,220.0
2020/12/03 18:53:32,22.6,54.29,128267.0,224.0
2020/12/03 18:53:44,22.61,54.24,128464.0,228.0
2020/12/03 18:53:44,22.61,54.21,128267.0,228.0
2020/12/03 18:53:44,22.61,54.21,127678.0,237.0
2020/12/03 18:53:44,22.62,54.2,127874.0,234.0
2020/12/03 18:53:50,22.62,54.18,128168.0,240.0
2020/12/03 18:53:50,22.62,54.19,128070.0,224.0
2020/12/03 18:53:50,22.62,54.22,127580.0,225.0
2020/12/03 18:53:50,22.62,54.24,128070.0,240.0
2020/12/03 18:53:50,22.62,54.26,128662.0,220.0
2020/12/03 18:53:50,22.62,54.23,127191.0,224.0
2020/12/03 18:53:50,22.63,54.18,128267.0,219.0
2020/12/03 18:54:02,22.63,54.14,127580.0,243.0
2020/12/03 18:54:02,22.63,54.14,126805.0,226.0
2020/12/03 18:54:02,22.63,54.11,127094.0,224.0
2020/12/03 18:54:02,22.64,54.12,127483.0,226.0
2020/12/03 18:54:02,22.64,54.13,127776.0,217.0
2020/12/03 18:54:02,22.65,54.17,126901.0,233.0
2020/12/03 18:54:02,22.65,54.21,126708.0,240.0
2020/12/03 18:54:02,22.65,54.26,126708.0,225.0
2020/12/03 18:54:02,22.65,54.31,127972.0,228.0
2020/12/03 18:54:02,22.65,54.31,126612.0,234.0
2020/12/03 18:54:02,22.65,54.31,127191.0,218.0
2020/12/03 18:54:52,22.71,54.02,128070.0,224.0
2020/12/03 18:55:03,22.71,54.04,127580.0,240.0
2020/12/03 18:55:03,22.71,54.01,128563.0,228.0
2020/12/03 18:55:03,22.72,53.96,127094.0,228.0
2020/12/03 18:55:03,22.72,53.89,128070.0,233.0
2020/12/03 18:55:03,22.72,53.84,127483.0,240.0
2020/12/03 18:55:03,22.72,53.82,127483.0,208.0
2020/12/03 18:55:03,22.72,53.81,127191.0,226.0
2020/12/03 18:55:03,22.72,53.79,126901.0,226.0
2020/12/03 18:55:04,22.72,53.81,128762.0,224.0
2020/12/03 18:55:05,22.72,53.82,127874.0,218.0
2020/12/03 18:55:07,22.72,53.83,127678.0,208.0
2020/12/03 18:55:18,22.72,53.83,127483.0,226.0
2020/12/03 18:55:18,22.72,53.82,127776.0,230.0
2020/12/03 18:55:18,22.72,53.83,127288.0,237.0
2020/12/03 18:55:18,22.71,53.82,127385.0,234.0
2020/12/03 18:55:18,22.71,53.79,128464.0,226.0
2020/12/03 18:55:18,22.71,53.76,128168.0,236.0
2020/12/03 18:55:19,22.71,53.73,128168.0,238.0
2020/12/03 18:55:19,22.71,53.72,127972.0,240.0
2020/12/03 18:55:19,22.7,53.69,127385.0,212.0
2020/12/03 18:55:21,22.7,53.67,127580.0,211.0
2020/12/03 18:55:22,22.7,53.69,128365.0,226.0
2020/12/03 18:55:34,22.7,53.73,127580.0,233.0
2020/12/03 18:55:34,22.7,53.78,128267.0,240.0
2020/12/03 18:55:34,22.7,53.83,127580.0,226.0
2020/12/03 18:55:34,22.7,53.88,128267.0,225.0
2020/12/03 18:55:34,22.71,53.92,127483.0,234.0
2020/12/03 18:55:34,22.71,53.96,127094.0,232.0
2020/12/03 18:55:34,22.71,54.01,128070.0,218.0
2020/12/03 18:55:34,22.71,54.04,127094.0,226.0
2020/12/03 18:55:34,22.72,54.07,127191.0,208.0
2020/12/03 18:55:36,22.72,54.1,126516.0,224.0
2020/12/03 18:55:37,22.72,54.11,127678.0,216.0
2020/12/03 18:55:49,22.72,54.12,127288.0,224.0
2020/12/03 18:55:49,22.72,54.12,127678.0,238.0
2020/12/03 18:55:49,22.72,54.11,127191.0,236.0
2020/12/03 18:55:49,22.72,54.12,128267.0,226.0
2020/12/03 18:55:49,22.72,54.12,128464.0,226.0
2020/12/03 18:55:49,22.72,54.13,127580.0,224.0
2020/12/03 18:55:49,22.71,54.16,127678.0,236.0
2020/12/03 18:55:49,22.71,54.18,127874.0,236.0
2020/12/03 18:55:49,22.71,54.24,127483.0,208.0
2020/12/03 18:55:51,22.71,54.27,127191.0,210.0
2020/12/03 18:55:52,22.71,54.31,127483.0,210.0
2020/12/03 18:56:04,22.71,54.32,126516.0,235.0
2020/12/03 18:56:04,22.72,54.33,126325.0,230.0
2020/12/03 18:56:04,22.71,54.29,127191.0,230.0
2020/12/03 18:56:10,22.71,54.23,127385.0,226.0
2020/12/03 18:56:10,22.71,54.19,127191.0,225.0
2020/12/03 18:56:10,22.71,54.16,126805.0,237.0
2020/12/03 18:56:10,22.71,54.17,127288.0,237.0
2020/12/03 18:56:10,22.71,54.16,127094.0,224.0
2020/12/03 18:56:10,22.72,54.17,127483.0,224.0
2020/12/03 18:56:10,22.71,54.16,127191.0,237.0
2020/12/03 18:56:10,22.71,54.14,127288.0,228.0
2020/12/03 18:56:22,22.71,54.13,127972.0,224.0
2020/12/03 18:56:22,22.71,54.12,127776.0,225.0
2020/12/03 18:56:22,22.71,54.1,127094.0,236.0
2020/12/03 18:56:22,22.72,54.11,126805.0,234.0
2020/12/03 18:56:22,22.72,54.16,126998.0,240.0
2020/12/03 18:56:22,22.72,54.19,126998.0,217.0
2020/12/03 18:56:22,22.72,54.22,126420.0,225.0
2020/12/03 18:56:22,22.72,54.21,127483.0,234.0
2020/12/03 18:56:22,22.72,54.17,126805.0,236.0
2020/12/03 18:56:22,22.72,54.1,127776.0,224.0
2020/12/03 18:56:22,22.72,54.07,127483.0,210.0
2020/12/03 18:56:34,22.71,54.05,127580.0,228.0
2020/12/03 18:56:34,22.71,54.07,128168.0,236.0
2020/12/03 18:56:34,22.71,54.11,127385.0,240.0
2020/12/03 18:56:34,22.71,54.11,127678.0,208.0
2020/12/03 18:56:34,22.71,54.15,127776.0,224.0
2020/12/03 18:56:34,22.72,54.2,128267.0,233.0
2020/12/03 18:56:34,22.72,54.22,127483.0,236.0
2020/12/03 18:56:34,22.72,54.23,127385.0,240.0
2020/12/03 18:56:35,22.72,54.22,127191.0,210.0
2020/12/03 18:56:36,22.72,54.22,127288.0,240.0
2020/12/03 18:56:37,22.72,54.22,127288.0,210.0
2020/12/03 18:56:49,22.72,54.24,127678.0,240.0
2020/12/03 18:56:49,22.72,54.2,127385.0,224.0
2020/12/03 18:56:49,22.72,54.18,127288.0,226.0
2020/12/03 18:56:49,22.72,54.12,127580.0,237.0
2020/12/03 18:56:49,22.72,54.08,127191.0,237.0
2020/12/03 18:56:49,22.71,54.03,127874.0,242.0
2020/12/03 18:56:49,22.71,54.01,127483.0,225.0
2020/12/03 18:56:49,22.71,54.01,127580.0,224.0
2020/12/03 18:56:50,22.7,53.99,127874.0,224.0
2020/12/03 18:56:51,22.7,54.01,128070.0,221.0
2020/12/03 18:56:53,22.7,54.02,127483.0,206.0
2020/12/03 18:57:04,22.7,54.06,128267.0,232.0
2020/12/03 18:57:04,22.7,54.09,128267.0,229.0
2020/12/03 18:57:04,22.7,54.15,127385.0,234.0
2020/12/03 18:57:04,22.69,54.22,126805.0,230.0
2020/12/03 18:57:04,22.69,54.31,127483.0,220.0
2020/12/03 18:57:04,22.69,54.4,126039.0,234.0
2020/12/03 18:57:10,22.69,54.45,126420.0,206.0
2020/12/03 18:57:10,22.69,54.54,125943.0,224.0
2020/12/03 18:57:10,22.69,54.61,126229.0,226.0
2020/12/03 18:57:10,22.69,54.67,126229.0,226.0
2020/12/03 18:57:10,22.69,54.7,125659.0,236.0
2020/12/03 18:57:22,22.69,54.72,126612.0,225.0
2020/12/03 18:57:22,22.69,54.72,125754.0,240.0
2020/12/03 18:57:22,22.68,54.76,126134.0,224.0
2020/12/03 18:57:22,22.67,54.78,125470.0,228.0
2020/12/03 18:57:22,22.67,54.78,126420.0,236.0
2020/12/03 18:57:22,22.67,54.81,126229.0,240.0
2020/12/03 18:57:22,22.66,54.83,126420.0,224.0
2020/12/03 18:57:22,22.66,54.87,126229.0,224.0
2020/12/03 18:57:22,22.66,54.88,126325.0,228.0
2020/12/03 18:57:22,22.66,54.85,126516.0,240.0
2020/12/03 18:57:23,22.66,54.8,126998.0,224.0
2020/12/03 18:57:34,22.66,54.73,126998.0,224.0
2020/12/03 18:57:34,22.65,54.66,126325.0,224.0
2020/12/03 18:57:34,22.65,54.61,126612.0,232.0
2020/12/03 18:57:34,22.65,54.55,126612.0,231.0
2020/12/03 18:57:34,22.64,54.51,126420.0,224.0
2020/12/03 18:57:34,22.64,54.48,126516.0,224.0
2020/12/03 18:57:34,22.64,54.42,126998.0,240.0
2020/12/03 18:57:34,22.64,54.4,127094.0,234.0
2020/12/03 18:57:35,22.63,54.38,126612.0,224.0
2020/12/03 18:57:36,22.63,54.33,126612.0,212.0
2020/12/03 18:57:38,22.63,54.29,127580.0,212.0
2020/12/03 18:57:50,22.63,54.25,127094.0,220.0
2020/12/03 18:57:50,22.63,54.21,127191.0,231.0
2020/12/03 18:57:50,22.62,54.18,127191.0,213.0
2020/12/03 18:57:50,22.62,54.19,126901.0,224.0
2020/12/03 18:57:50,22.62,54.18,126998.0,227.0
2020/12/03 18:57:50,22.62,54.17,127288.0,235.0
2020/12/03 18:57:50,22.62,54.12,127580.0,235.0
2020/12/03 18:57:50,22.62,54.08,127580.0,226.0
2020/12/03 18:57:50,22.62,54.02,127191.0,211.0
2020/12/03 18:57:52,22.62,54.0,128365.0,220.0
2020/12/03 18:57:53,22.61,53.96,127678.0,222.0
2020/12/03 18:58:05,22.61,53.96,127678.0,226.0
2020/12/03 18:58:05,22.61,53.97,128070.0,228.0
2020/12/03 18:58:05,22.62,53.97,127580.0,237.0
2020/12/03 18:58:05,22.62,53.99,126901.0,234.0
2020/12/03 18:58:05,22.62,54.01,127191.0,240.0
2020/12/03 18:58:05,22.62,54.06,127483.0,224.0
2020/12/03 18:58:05,22.63,54.11,127094.0,224.0
2020/12/03 18:58:05,22.63,54.17,127094.0,234.0
2020/12/03 18:58:05,22.63,54.23,127094.0,200.0
2020/12/03 18:58:12,22.63,54.3,126516.0,240.0
2020/12/03 18:58:12,22.63,54.35,126612.0,224.0
2020/12/03 18:58:23,22.63,54.37,127385.0,225.0
2020/12/03 18:58:23,22.63,54.4,126420.0,234.0
2020/12/03 18:58:23,22.63,54.4,127580.0,230.0
2020/12/03 18:58:23,22.63,54.43,127483.0,225.0
2020/12/03 18:58:23,22.63,54.44,127385.0,228.0
2020/12/03 18:58:23,22.63,54.47,127385.0,228.0
2020/12/03 18:58:23,22.62,54.49,126420.0,240.0
2020/12/03 18:58:23,22.62,54.56,127776.0,228.0
2020/12/03 18:58:23,22.62,54.6,127191.0,226.0
2020/12/03 18:58:23,22.62,54.64,127288.0,234.0
2020/12/03 18:58:23,22.62,54.65,127191.0,236.0
2020/12/03 18:58:35,22.61,54.64,125659.0,231.0
2020/12/03 18:58:35,22.6,54.59,126325.0,224.0
2020/12/03 18:58:35,22.59,54.56,126516.0,226.0
2020/12/03 18:58:35,22.59,54.56,126134.0,256.0
2020/12/03 18:58:35,22.59,54.6,126039.0,236.0
2020/12/03 18:58:35,22.59,54.66,126998.0,240.0
2020/12/03 18:58:35,22.59,54.72,126612.0,224.0
2020/12/03 18:58:35,22.59,54.75,126325.0,224.0
2020/12/03 18:58:36,22.59,54.8,126039.0,218.0
2020/12/03 18:58:37,22.59,54.85,126229.0,222.0
2020/12/03 18:58:38,22.59,54.88,126229.0,216.0
2020/12/03 18:58:50,22.59,54.9,125943.0,224.0
2020/12/03 18:58:50,22.59,54.92,126039.0,225.0
2020/12/03 18:58:50,22.6,54.92,126516.0,232.0
2020/12/03 18:58:50,22.6,54.94,126901.0,237.0
2020/12/03 18:58:50,22.61,54.94,126134.0,224.0
2020/12/03 18:58:50,22.61,54.94,125943.0,230.0
2020/12/03 18:58:50,22.61,54.95,126516.0,234.0
2020/12/03 18:58:50,22.62,54.94,126229.0,226.0
2020/12/03 18:58:51,22.62,54.97,126708.0,208.0
2020/12/03 18:58:52,22.62,54.98,126901.0,212.0
2020/12/03 18:58:53,22.63,55.01,126229.0,220.0
2020/12/03 18:59:05,22.63,55.03,126708.0,240.0
2020/12/03 18:59:05,22.64,55.04,126229.0,240.0
2020/12/03 18:59:05,22.65,55.08,125754.0,224.0
2020/12/03 18:59:05,22.65,55.09,125848.0,246.0
2020/12/03 18:59:05,22.65,55.11,126612.0,235.0
2020/12/03 18:59:05,22.66,55.14,125943.0,221.0
2020/12/03 18:59:05,22.66,55.14,126039.0,226.0
2020/12/03 18:59:05,22.66,55.14,125564.0,225.0
2020/12/03 18:59:06,22.66,55.13,125943.0,210.0
2020/12/03 18:59:07,22.65,55.14,126229.0,220.0
2020/12/03 18:59:08,22.65,55.13,126420.0,220.0
2020/12/03 18:59:20,22.65,55.14,126612.0,219.0
2020/12/03 18:59:30,22.64,55.15,125943.0,226.0
2020/12/03 18:59:30,22.63,55.16,126612.0,233.0
2020/12/03 18:59:30,22.63,55.17,125848.0,228.0
2020/12/03 18:59:30,22.62,55.18,125376.0,224.0
2020/12/03 18:59:30,22.61,55.2,125848.0,228.0
2020/12/03 18:59:30,22.61,55.18,125754.0,237.0
2020/12/03 18:59:30,22.61,55.17,126516.0,233.0
2020/12/03 18:59:30,22.61,55.18,126612.0,240.0
2020/12/03 18:59:30,22.61,55.21,126229.0,224.0
2020/12/03 18:59:30,22.61,55.24,126420.0,224.0
2020/12/03 18:59:42,22.6,55.29,126039.0,232.0
2020/12/03 18:59:42,22.6,55.32,125564.0,232.0
2020/12/03 18:59:42,22.6,55.32,126134.0,264.0
2020/12/03 18:59:42,22.6,55.35,125848.0,224.0
2020/12/03 18:59:42,22.6,55.37,126708.0,256.0
2020/12/03 18:59:42,22.61,55.35,126420.0,228.0
2020/12/03 18:59:42,22.61,55.35,125754.0,240.0
2020/12/03 18:59:42,22.62,55.34,126039.0,227.0
2020/12/03 18:59:42,22.61,55.32,126420.0,225.0
2020/12/03 18:59:42,22.61,55.29,124906.0,228.0
2020/12/03 18:59:42,22.61,55.23,124720.0,226.0
2020/12/03 18:59:53,22.61,55.19,125094.0,230.0
2020/12/03 18:59:53,22.61,55.16,125282.0,226.0
2020/12/03 18:59:53,22.61,55.15,125188.0,232.0
2020/12/03 18:59:53,22.62,55.16,125659.0,234.0
2020/12/03 18:59:53,22.62,55.2,125282.0,240.0
2020/12/03 18:59:53,22.62,55.2,125754.0,230.0
2020/12/03 18:59:53,22.61,55.16,125188.0,224.0
2020/12/03 18:59:53,22.62,55.11,125094.0,240.0
2020/12/03 18:59:53,22.61,55.07,125282.0,234.0
2020/12/03 18:59:53,22.61,55.05,126420.0,238.0
2020/12/03 18:59:54,22.61,55.05,125282.0,218.0
2020/12/03 19:00:05,22.6,55.03,125848.0,226.0
2020/12/03 19:00:05,22.59,55.01,125659.0,234.0
2020/12/03 19:00:05,22.6,55.02,125754.0,237.0
2020/12/03 19:00:05,22.6,55.05,125848.0,226.0
2020/12/03 19:00:05,22.59,55.02,125943.0,233.0
2020/12/03 19:00:05,22.59,55.02,125659.0,229.0
2020/12/03 19:00:05,22.58,55.01,125848.0,236.0
2020/12/03 19:00:05,22.57,55.01,126039.0,234.0
2020/12/03 19:00:06,22.56,55.04,125754.0,208.0
2020/12/03 19:00:08,22.56,55.07,126039.0,211.0
                                               2020/12/03 19:08:16,22.64,54.36,123064.0,208.0
2020/12/03 19:08:27,22.69,54.81,116289.0,2983.0
2020/12/03 19:08:27,22.73,56.3,111250.0,248.0
2020/12/03 19:08:27,22.74,58.12,112223.0,225.0
2020/12/03 19:08:27,22.74,58.94,114298.0,228.0
2020/12/03 19:08:27,22.76,59.14,112677.0,4053.0
2020/12/03 19:08:27,22.81,60.01,105617.0,4095.0
2020/12/03 19:08:27,22.87,62.25,99746.0,2928.0
2020/12/03 19:08:27,22.89,64.52,98743.0,224.0
2020/12/03 19:08:28,22.89,65.61,102064.0,202.0
2020/12/03 19:08:30,22.9,65.34,104887.0,209.0
2020/12/03 19:08:31,22.91,64.51,107384.0,200.0
2020/12/03 19:08:43,22.92,63.57,109355.0,218.0
2020/12/03 19:08:43,22.93,62.67,110807.0,218.0
2020/12/03 19:08:43,22.94,61.81,112072.0,208.0
2020/12/03 19:08:43,22.96,61.03,113136.0,210.0
2020/12/03 19:08:43,22.97,60.37,112449.0,220.0
2020/12/03 19:08:43,22.99,59.87,113520.0,210.0
2020/12/03 19:08:43,23.0,59.58,113908.0,208.0
2020/12/03 19:08:43,23.02,59.26,114928.0,208.0
2020/12/03 19:08:43,23.03,58.93,114928.0,208.0
2020/12/03 19:08:45,23.04,58.58,114142.0,208.0
2020/12/03 19:08:46,23.05,58.49,114142.0,210.0
2020/12/03 19:09:31,23.43,60.13,110003.0,213.0
2020/12/03 19:09:43,23.46,59.9,107315.0,213.0
2020/12/03 19:09:43,23.58,60.34,104821.0,212.0
2020/12/03 19:09:43,23.72,61.35,101940.0,224.0
2020/12/03 19:09:43,23.85,62.36,99686.0,224.0
2020/12/03 19:09:43,23.98,63.22,95740.0,213.0
2020/12/03 19:09:43,24.09,63.91,93089.0,210.0
2020/12/03 19:09:43,24.18,64.45,88357.0,217.0
2020/12/03 19:09:43,24.26,64.89,84509.0,224.0
2020/12/03 19:09:44,24.32,65.22,80591.0,208.0
2020/12/03 19:09:45,24.37,65.49,77956.0,204.0
2020/12/03 19:09:48,24.42,65.74,75624.0,216.0
2020/12/03 19:09:59,24.45,65.97,74080.0,224.0
2020/12/03 19:09:59,24.49,66.16,72914.0,202.0
2020/12/03 19:09:59,24.49,66.26,73557.0,213.0
2020/12/03 19:09:59,24.45,65.68,77521.0,216.0
2020/12/03 19:09:59,24.39,64.2,81856.0,225.0
2020/12/03 19:09:59,24.31,62.56,85374.0,226.0
2020/12/03 19:09:59,24.23,61.03,88639.0,230.0
2020/12/03 19:09:59,24.15,59.69,90859.0,214.0
2020/12/03 19:09:59,24.08,58.57,92985.0,212.0
2020/12/03 19:10:01,24.01,57.62,95214.0,220.0
2020/12/03 19:10:02,23.94,56.85,95303.0,220.0
2020/12/03 19:10:13,23.89,56.24,96851.0,218.0
2020/12/03 19:10:13,23.84,55.7,97588.0,214.0
2020/12/03 19:10:13,23.79,55.29,98277.0,209.0
2020/12/03 19:10:13,23.74,54.92,99567.0,224.0
2020/12/03 19:10:13,23.7,54.65,100953.0,224.0
2020/12/03 19:10:13,23.66,54.41,101691.0,211.0
2020/12/03 19:10:13,23.63,54.18,101753.0,217.0
2020/12/03 19:10:13,23.59,53.92,102064.0,224.0
2020/12/03 19:10:14,23.56,53.7,103972.0,208.0
2020/12/03 19:10:15,23.52,53.52,104167.0,205.0
2020/12/03 19:10:17,23.5,53.4,104953.0,204.0
2020/12/03 19:10:28,23.47,53.33,104362.0,224.0
2020/12/03 19:10:28,23.45,53.31,105550.0,224.0
2020/12/03 19:10:28,23.44,53.28,104689.0,228.0
2020/12/03 19:10:28,23.42,53.26,105751.0,213.0
2020/12/03 19:10:28,23.4,53.22,106425.0,216.0
2020/12/03 19:10:28,23.38,53.18,106629.0,225.0
2020/12/03 19:10:28,23.36,53.14,106698.0,224.0
2020/12/03 19:10:28,23.35,53.09,107731.0,221.0
2020/12/03 19:10:29,23.33,53.07,107661.0,205.0
2020/12/03 19:10:30,23.32,53.07,107661.0,201.0
2020/12/03 19:10:32,23.31,53.06,108150.0,210.0
2020/12/03 19:10:43,23.3,53.08,108643.0,226.0
2020/12/03 19:10:43,23.29,53.09,108290.0,194.0
2020/12/03 19:10:43,23.29,53.08,108713.0,211.0
2020/12/03 19:10:50,23.27,53.09,109714.0,224.0
2020/12/03 19:10:50,23.26,53.09,109211.0,225.0
2020/12/03 19:10:50,23.25,53.12,110076.0,214.0
2020/12/03 19:10:50,23.24,53.12,109642.0,213.0
2020/12/03 19:10:50,23.23,53.13,110003.0,224.0
2020/12/03 19:10:50,23.21,53.14,109931.0,224.0
2020/12/03 19:10:50,23.2,53.16,110586.0,218.0
2020/12/03 19:10:50,23.19,53.11,110513.0,214.0
2020/12/03 19:11:28,23.01,53.0,114533.0,206.0
2020/12/03 19:11:40,23.01,53.0,114928.0,225.0
2020/12/03 19:11:40,23.01,53.0,115166.0,216.0
2020/12/03 19:11:40,23.01,53.01,115086.0,216.0
2020/12/03 19:11:40,23.01,53.02,115086.0,224.0
2020/12/03 19:11:40,23.01,53.01,115245.0,217.0
2020/12/03 19:11:40,23.0,53.03,115405.0,214.0
2020/12/03 19:11:40,23.01,53.03,116047.0,218.0
2020/12/03 19:11:40,23.0,53.05,116208.0,227.0
2020/12/03 19:11:40,23.0,53.07,115725.0,211.0
2020/12/03 19:11:42,22.99,53.08,116127.0,216.0
2020/12/03 19:11:43,22.99,53.06,116047.0,205.0
2020/12/03 19:11:55,22.98,53.07,116208.0,209.0
2020/12/03 19:11:55,22.98,53.06,116696.0,226.0
2020/12/03 19:11:55,22.98,53.07,116370.0,224.0
2020/12/03 19:11:55,22.98,53.07,116047.0,222.0
2020/12/03 19:11:55,22.97,53.07,116859.0,217.0
2020/12/03 19:11:55,22.97,53.09,116289.0,216.0
2020/12/03 19:11:55,22.97,53.07,117023.0,224.0
2020/12/03 19:11:55,22.97,53.09,116533.0,226.0
2020/12/03 19:11:55,22.97,53.11,117270.0,186.0
2020/12/03 19:11:57,22.96,53.12,117270.0,204.0
2020/12/03 19:11:58,22.96,53.13,116859.0,222.0
2020/12/03 19:12:10,22.97,53.14,117518.0,224.0
2020/12/03 19:12:10,22.97,53.16,116696.0,245.0
2020/12/03 19:12:10,23.11,53.88,108713.0,213.0
2020/12/03 19:12:10,23.45,55.8,104232.0,224.0
2020/12/03 19:12:10,23.71,57.47,102377.0,224.0
2020/12/03 19:12:10,23.83,58.12,103520.0,230.0
2020/12/03 19:12:10,23.87,57.84,104558.0,214.0
2020/12/03 19:12:10,23.87,57.28,106087.0,221.0
2020/12/03 19:12:11,23.84,56.69,106698.0,211.0
2020/12/03 19:12:12,23.79,56.11,107453.0,212.0
2020/12/03 19:12:13,23.74,55.55,108643.0,218.0
2020/12/03 19:12:25,23.68,55.07,108784.0,229.0
2020/12/03 19:12:25,23.63,54.65,108997.0,213.0
2020/12/03 19:12:25,23.58,54.29,109642.0,228.0
2020/12/03 19:12:25,23.53,54.0,110954.0,224.0
2020/12/03 19:12:25,23.49,53.79,111028.0,225.0
2020/12/03 19:12:25,23.45,53.62,110440.0,208.0
2020/12/03 19:12:25,23.42,53.48,110880.0,224.0
2020/12/03 19:12:25,23.38,53.4,111399.0,225.0
2020/12/03 19:12:26,23.35,53.35,111028.0,208.0
2020/12/03 19:12:27,23.32,53.28,111922.0,204.0
2020/12/03 19:12:28,23.29,53.19,111102.0,208.0
2020/12/03 19:12:40,23.26,53.13,111997.0,226.0
2020/12/03 19:12:40,23.24,53.11,112072.0,240.0
2020/12/03 19:12:40,23.22,53.1,112147.0,217.0
2020/12/03 19:12:46,23.2,53.11,112147.0,217.0
2020/12/03 19:12:46,23.18,53.13,112601.0,225.0
2020/12/03 19:12:46,23.17,53.15,112982.0,225.0
2020/12/03 19:12:46,23.16,53.16,112830.0,236.0
2020/12/03 19:12:46,23.15,53.17,112449.0,220.0
2020/12/03 19:12:46,23.14,53.18,112677.0,218.0
2020/12/03 19:12:46,23.13,53.19,112753.0,227.0
2020/12/03 19:12:46,23.11,53.19,113212.0,234.0
2020/12/03 19:12:58,23.1,53.2,113059.0,218.0
2020/12/03 19:12:58,23.09,53.22,113366.0,214.0
2020/12/03 19:12:58,23.08,53.23,112906.0,218.0
2020/12/03 19:12:58,23.08,53.25,113520.0,224.0
2020/12/03 19:12:58,23.07,53.26,113136.0,224.0
2020/12/03 19:12:58,23.07,53.26,113212.0,216.0
2020/12/03 19:12:58,23.07,53.26,112906.0,217.0
2020/12/03 19:12:58,23.31,53.67,110149.0,224.0
2020/12/03 19:12:58,23.64,54.5,106087.0,219.0
2020/12/03 19:12:58,23.97,55.26,102756.0,221.0
2020/12/03 19:12:59,24.27,55.89,99508.0,205.0
2020/12/03 19:13:10,24.53,56.44,96627.0,228.0
2020/12/03 19:13:10,24.66,56.87,94547.0,228.0
2020/12/03 19:13:10,24.7,56.7,95630.0,232.0
2020/12/03 19:13:10,24.68,56.14,96571.0,214.0
2020/12/03 19:13:12,24.62,55.5,97303.0,216.0
2020/12/03 19:13:12,24.55,54.9,97874.0,224.0
2020/12/03 19:13:12,24.47,54.39,98277.0,226.0
2020/12/03 19:13:12,24.38,53.93,98626.0,224.0
2020/12/03 19:13:12,24.34,53.67,95685.0,214.0
2020/12/03 19:13:12,24.81,55.16,87615.0,208.0
2020/12/03 19:13:14,25.39,58.74,81616.0,212.0
2020/12/03 19:13:25,25.66,60.52,83494.0,226.0
2020/12/03 19:13:25,25.76,59.89,85725.0,208.0
2020/12/03 19:13:25,25.74,58.48,88639.0,217.0
2020/12/03 19:13:28,25.66,57.04,90367.0,228.0
2020/12/03 19:13:28,25.54,55.81,92778.0,226.0
2020/12/03 19:13:28,25.4,54.78,93927.0,218.0
2020/12/03 19:13:28,25.26,53.93,95650.0,214.0
2020/12/03 19:13:28,25.12,53.26,95412.0,208.0
2020/12/03 19:13:28,24.98,52.71,96237.0,226.0
2020/12/03 19:13:28,24.85,52.32,97133.0,234.0
2020/12/03 19:13:29,24.73,52.01,98277.0,208.0
2020/12/03 19:13:40,24.61,51.8,99036.0,219.0
2020/12/03 19:13:40,24.51,51.64,99627.0,224.0
2020/12/03 19:13:42,24.41,51.53,99865.0,225.0
2020/12/03 19:13:42,24.32,51.47,101136.0,230.0
2020/12/03 19:13:42,24.23,51.4,101014.0,218.0
2020/12/03 19:13:42,24.15,51.39,101877.0,216.0
2020/12/03 19:13:48,24.08,51.4,102756.0,236.0
2020/12/03 19:13:48,24.01,51.4,103073.0,228.0
2020/12/03 19:13:48,23.94,51.45,103392.0,216.0
2020/12/03 19:13:48,23.89,51.52,104232.0,213.0
2020/12/03 19:13:48,23.84,51.62,103392.0,224.0
2020/12/03 19:13:59,23.81,52.03,102002.0,230.0
2020/12/03 19:13:59,24.03,53.23,94654.0,216.0
2020/12/03 19:13:59,24.59,56.47,88828.0,219.0
2020/12/03 19:13:59,25.21,60.65,83161.0,226.0
2020/12/03 19:13:59,25.85,64.07,78617.0,224.0
2020/12/03 19:13:59,26.47,67.05,74410.0,221.0
2020/12/03 19:13:59,27.02,69.28,71909.0,219.0
2020/12/03 19:13:59,27.49,70.85,70511.0,218.0
2020/12/03 19:13:59,27.65,70.18,73752.0,227.0
2020/12/03 19:13:59,27.63,67.21,77163.0,230.0
2020/12/03 19:13:59,27.51,64.08,80669.0,232.0
2020/12/03 19:14:22,24.97,53.1,95650.0,212.0
2020/12/03 19:14:34,25.43,55.81,88828.0,233.0
2020/12/03 19:14:34,26.05,59.85,83328.0,219.0
2020/12/03 19:14:34,26.49,63.0,82504.0,218.0
2020/12/03 19:14:34,26.69,62.78,85113.0,232.0
2020/12/03 19:14:34,26.72,61.05,88170.0,228.0
2020/12/03 19:14:34,26.72,59.51,88639.0,212.0
2020/12/03 19:14:34,26.86,59.47,86167.0,218.0
2020/12/03 19:14:34,27.17,61.06,82422.0,218.0
2020/12/03 19:14:35,27.51,63.26,79064.0,213.0
2020/12/03 19:14:36,27.83,65.3,76456.0,213.0
2020/12/03 19:14:38,28.14,66.96,74278.0,198.0
2020/12/03 19:14:49,28.45,68.31,72471.0,218.0
2020/12/03 19:14:49,28.72,69.21,70871.0,226.0
2020/12/03 19:14:49,28.96,69.99,69513.0,226.0
2020/12/03 19:14:49,29.15,70.45,67983.0,205.0
2020/12/03 19:14:49,29.3,71.02,66573.0,220.0
2020/12/03 19:14:49,29.43,71.51,65425.0,228.0
2020/12/03 19:14:49,29.53,72.02,64865.0,227.0
2020/12/03 19:14:49,29.6,72.61,63775.0,234.0
2020/12/03 19:14:50,29.67,73.13,62862.0,206.0
2020/12/03 19:14:51,29.72,73.68,62673.0,208.0
2020/12/03 19:14:53,29.75,74.07,62252.0,208.0
2020/12/03 19:15:04,29.75,74.34,61928.0,227.0
2020/12/03 19:15:04,29.67,74.32,63195.0,233.0
2020/12/03 19:15:04,29.46,72.05,67055.0,216.0
2020/12/03 19:15:04,29.18,68.33,70991.0,218.0
2020/12/03 19:15:04,28.88,64.83,74610.0,225.0
2020/12/03 19:15:04,28.58,61.9,77665.0,228.0
2020/12/03 19:15:04,28.29,59.51,80904.0,213.0
2020/12/03 19:15:04,28.01,57.51,82996.0,224.0
2020/12/03 19:15:06,27.75,55.88,85901.0,224.0
2020/12/03 19:15:06,27.5,54.53,88077.0,211.0
2020/12/03 19:15:08,27.27,53.41,89880.0,208.0
2020/12/03 19:15:19,27.05,52.52,91157.0,218.0
2020/12/03 19:15:19,26.86,51.82,93193.0,228.0
2020/12/03 19:15:19,26.68,51.23,93822.0,224.0
2020/12/03 19:15:19,26.52,50.79,95760.0,226.0
2020/12/03 19:15:19,26.38,50.46,95357.0,220.0
2020/12/03 19:15:19,26.24,50.19,95960.0,224.0
2020/12/03 19:15:19,26.1,49.97,97417.0,226.0
2020/12/03 19:15:21,25.98,49.81,98162.0,225.0
2020/12/03 19:15:21,25.87,49.72,98451.0,230.0
2020/12/03 19:15:21,25.77,49.64,99567.0,208.0
2020/12/03 19:15:23,25.67,49.58,99746.0,208.0
2020/12/03 19:15:34,25.58,49.55,100770.0,230.0
2020/12/03 19:15:34,25.49,49.54,101321.0,226.0
2020/12/03 19:15:34,25.41,49.57,101940.0,209.0
2020/12/03 19:15:42,25.32,49.63,102503.0,219.0
2020/12/03 19:15:42,25.24,49.7,102503.0,219.0
2020/12/03 19:15:42,25.17,49.81,103328.0,227.0
2020/12/03 19:15:43,25.1,49.94,103520.0,224.0
2020/12/03 19:15:43,25.04,50.05,104232.0,210.0
2020/12/03 19:15:43,24.98,50.17,104755.0,224.0
2020/12/03 19:15:43,24.92,50.26,105284.0,228.0
2020/12/03 19:15:43,24.86,50.36,105751.0,218.0
2020/12/03 19:15:55,24.82,50.44,105617.0,220.0
2020/12/03 19:15:55,24.77,50.55,106290.0,216.0
2020/12/03 19:15:55,24.72,50.6,106629.0,240.0
2020/12/03 19:15:55,24.67,50.68,107315.0,229.0
2020/12/03 19:15:55,24.61,50.74,107384.0,240.0
2020/12/03 19:15:57,24.57,50.79,107315.0,219.0
2020/12/03 19:15:57,24.52,50.87,108220.0,216.0
2020/12/03 19:15:57,24.49,50.93,108010.0,225.0
2020/12/03 19:15:57,24.45,50.99,108431.0,228.0
2020/12/03 19:15:57,24.42,51.02,108150.0,224.0
2020/12/03 19:15:57,24.39,51.05,109140.0,218.0
2020/12/03 19:16:09,24.37,51.1,109140.0,217.0
2020/12/03 19:16:09,24.34,51.14,109570.0,228.0
2020/12/03 19:16:09,24.31,51.19,109786.0,227.0
2020/12/03 19:16:09,24.29,51.23,109786.0,214.0
2020/12/03 19:16:11,24.26,51.26,109786.0,217.0
2020/12/03 19:16:11,24.23,51.31,110440.0,195.0
2020/12/03 19:16:11,24.21,51.37,110367.0,228.0
2020/12/03 19:16:11,24.18,51.42,109931.0,216.0
2020/12/03 19:16:11,24.15,51.49,111399.0,208.0
2020/12/03 19:16:11,24.13,51.53,111324.0,226.0
2020/12/03 19:16:11,24.11,51.6,110880.0,248.0
2020/12/03 19:16:22,24.08,51.67,110660.0,212.0
2020/12/03 19:16:22,24.06,51.72,111176.0,213.0
2020/12/03 19:16:22,24.04,51.8,111772.0,218.0
2020/12/03 19:16:24,24.02,51.88,111622.0,228.0
2020/12/03 19:16:24,23.99,51.94,111622.0,229.0
2020/12/03 19:16:24,23.97,52.02,112601.0,212.0
2020/12/03 19:16:24,23.95,52.1,111772.0,218.0
2020/12/03 19:16:24,23.92,52.13,112601.0,218.0
2020/12/03 19:16:24,23.9,52.15,113366.0,230.0
2020/12/03 19:16:24,23.87,52.22,112830.0,226.0
2020/12/03 19:16:24,23.84,52.26,113443.0,220.0
2020/12/03 19:16:36,23.81,52.31,113598.0,218.0
2020/12/03 19:16:36,23.79,52.34,113675.0,225.0
2020/12/03 19:16:36,23.77,52.42,113289.0,226.0
2020/12/03 19:16:36,23.75,52.49,113598.0,220.0
2020/12/03 19:16:36,23.72,52.6,114142.0,219.0
2020/12/03 19:16:36,23.7,52.69,113675.0,226.0
2020/12/03 19:16:42,23.68,52.8,115245.0,228.0
2020/12/03 19:16:42,23.66,52.89,113753.0,230.0
2020/12/03 19:16:42,23.64,52.97,113830.0,220.0
2020/12/03 19:16:42,23.62,53.04,114298.0,216.0
2020/12/03 19:16:42,23.6,53.13,114064.0,216.0
2020/12/03 19:16:54,23.58,53.17,114455.0,228.0
2020/12/03 19:16:54,23.56,53.21,114455.0,236.0
2020/12/03 19:16:54,23.55,53.23,115007.0,219.0
2020/12/03 19:16:54,23.53,53.24,114770.0,216.0
2020/12/03 19:16:54,23.52,53.26,115325.0,225.0
2020/12/03 19:16:54,23.51,53.29,115564.0,227.0
2020/12/03 19:16:54,23.5,53.33,116859.0,214.0
2020/12/03 19:16:54,23.48,53.35,115564.0,218.0
2020/12/03 19:16:54,23.47,53.37,115805.0,224.0
2020/12/03 19:16:54,23.45,53.41,116452.0,214.0
2020/12/03 19:16:54,23.44,53.41,117187.0,224.0
2020/12/03 19:17:06,23.42,53.41,116777.0,224.0
2020/12/03 19:17:06,23.41,53.42,116047.0,224.0
2020/12/03 19:17:06,23.41,53.44,116533.0,229.0
2020/12/03 19:17:06,23.4,53.44,116696.0,217.0
2020/12/03 19:17:06,23.39,53.46,116696.0,222.0
2020/12/03 19:17:06,23.38,53.46,116370.0,215.0
2020/12/03 19:17:06,23.36,53.48,115966.0,226.0
2020/12/03 19:17:06,23.35,53.5,116370.0,228.0
2020/12/03 19:17:06,23.34,53.53,117105.0,220.0
2020/12/03 19:17:07,23.34,53.57,117187.0,208.0
2020/12/03 19:17:09,23.33,53.59,117023.0,207.0
2020/12/03 19:17:20,23.33,53.63,116859.0,228.0
2020/12/03 19:17:20,23.32,53.67,116859.0,228.0
2020/12/03 19:17:20,23.31,53.69,117105.0,216.0
2020/12/03 19:17:20,23.29,53.75,117270.0,218.0
2020/12/03 19:17:20,23.28,53.79,117105.0,216.0
2020/12/03 19:17:20,23.27,53.85,117352.0,226.0
2020/12/03 19:17:20,23.26,53.89,117105.0,228.0
2020/12/03 19:17:20,23.25,53.94,117352.0,217.0
2020/12/03 19:17:21,23.24,53.97,117850.0,208.0
2020/12/03 19:17:22,23.22,54.02,117600.0,208.0
2020/12/03 19:17:24,23.22,54.05,117518.0,211.0
2020/12/03 19:17:35,23.21,54.11,117187.0,212.0
2020/12/03 19:17:35,23.2,54.13,117187.0,217.0
2020/12/03 19:17:35,23.2,54.16,118183.0,224.0
2020/12/03 19:17:35,23.19,54.18,117933.0,224.0
2020/12/03 19:17:35,23.19,54.21,117850.0,228.0
2020/12/03 19:17:35,23.18,54.23,117023.0,216.0
2020/12/03 19:17:35,23.17,54.23,117766.0,212.0
2020/12/03 19:17:35,23.16,54.25,116696.0,227.0
2020/12/03 19:17:36,23.15,54.26,118016.0,220.0
2020/12/03 19:17:42,23.14,54.3,116941.0,208.0
2020/12/03 19:17:42,23.13,54.33,116777.0,216.0
2020/12/03 19:17:54,23.12,54.34,118016.0,220.0
2020/12/03 19:17:54,23.11,54.35,117187.0,227.0
2020/12/03 19:17:54,23.11,54.36,116696.0,228.0
2020/12/03 19:17:54,23.11,54.4,117518.0,217.0
2020/12/03 19:17:54,23.11,54.43,116696.0,220.0
2020/12/03 19:17:54,23.11,54.46,116941.0,228.0
2020/12/03 19:17:54,23.1,54.53,116941.0,227.0
2020/12/03 19:17:54,23.1,54.6,116289.0,218.0
2020/12/03 19:17:54,23.09,54.67,117683.0,224.0
2020/12/03 19:17:54,23.09,54.69,118267.0,224.0
2020/12/03 19:17:54,23.08,54.7,118016.0,226.0
2020/12/03 19:18:06,23.08,54.71,118183.0,233.0
2020/12/03 19:18:06,23.09,54.74,116696.0,226.0
2020/12/03 19:18:06,23.65,55.62,108713.0,218.0
2020/12/03 19:18:06,24.57,57.43,103907.0,225.0
2020/12/03 19:18:06,25.49,58.6,98509.0,232.0
2020/12/03 19:18:06,26.32,59.32,94673.0,240.0
2020/12/03 19:18:07,27.03,59.75,90563.0,194.0
2020/12/03 19:18:07,27.64,60.04,86885.0,216.0
2020/12/03 19:18:07,28.14,60.32,84509.0,225.0
2020/12/03 19:18:08,28.55,60.49,81140.0,214.0
2020/12/03 19:18:09,28.73,60.26,82341.0,208.0
2020/12/03 19:18:21,28.76,58.74,83411.0,216.0
2020/12/03 19:18:21,28.69,57.56,85990.0,226.0
2020/12/03 19:18:21,28.52,56.07,88639.0,240.0
2020/12/03 19:18:21,28.3,54.56,91256.0,216.0
2020/12/03 19:18:21,28.05,53.23,93089.0,216.0
2020/12/03 19:18:22,27.79,52.17,94566.0,215.0
2020/12/03 19:18:22,27.54,51.32,94923.0,226.0
2020/12/03 19:18:22,27.29,50.67,95740.0,192.0
2020/12/03 19:18:22,27.05,50.19,97588.0,220.0
2020/12/03 19:18:23,26.83,49.82,98626.0,202.0
2020/12/03 19:18:24,26.63,49.58,99153.0,208.0
2020/12/03 19:18:36,26.43,49.41,99806.0,220.0
2020/12/03 19:18:36,26.26,49.31,101321.0,236.0
2020/12/03 19:18:36,26.09,49.27,101321.0,218.0
2020/12/03 19:18:36,25.94,49.27,102946.0,219.0
2020/12/03 19:18:39,25.8,49.3,102503.0,225.0
2020/12/03 19:18:39,25.67,49.36,104037.0,226.0
2020/12/03 19:18:39,25.56,49.44,104167.0,219.0
2020/12/03 19:18:39,25.45,49.52,104232.0,219.0
2020/12/03 19:18:39,25.34,49.61,104297.0,208.0
2020/12/03 19:18:39,25.24,49.72,104821.0,224.0
2020/12/03 19:18:39,25.15,49.84,105617.0,208.0
2020/12/03 19:18:51,25.07,49.98,105350.0,213.0
2020/12/03 19:18:57,25.0,50.09,106087.0,220.0
2020/12/03 19:18:57,24.93,50.22,107040.0,256.0
2020/12/03 19:18:59,24.86,50.33,107108.0,224.0
2020/12/03 19:18:59,24.8,50.46,107523.0,218.0
2020/12/03 19:18:59,24.73,50.55,108360.0,218.0
2020/12/03 19:18:59,24.68,50.66,108220.0,225.0
2020/12/03 19:18:59,24.62,50.76,108643.0,232.0
2020/12/03 19:18:59,24.57,50.84,109140.0,236.0
2020/12/03 19:18:59,24.51,50.93,109211.0,216.0
2020/12/03 19:18:59,24.46,51.01,109211.0,219.0
2020/12/03 19:19:10,24.41,51.17,110076.0,230.0
2020/12/03 19:19:10,24.36,51.35,109570.0,228.0
2020/12/03 19:19:12,24.32,51.53,110513.0,219.0
2020/12/03 19:19:12,24.27,51.64,110586.0,218.0
2020/12/03 19:19:12,24.22,51.72,110660.0,221.0
2020/12/03 19:19:12,24.18,51.8,110807.0,228.0
2020/12/03 19:19:12,24.13,51.88,111102.0,230.0
2020/12/03 19:19:12,24.1,51.97,110221.0,220.0
2020/12/03 19:19:12,24.07,52.05,110586.0,218.0
2020/12/03 19:19:12,24.04,52.12,110440.0,226.0
2020/12/03 19:19:12,24.02,52.17,110513.0,228.0
2020/12/03 19:19:23,23.99,52.25,111399.0,213.0
2020/12/03 19:19:23,23.97,52.29,111102.0,220.0
2020/12/03 19:19:23,23.94,52.33,111250.0,226.0
2020/12/03 19:19:23,23.91,52.39,111697.0,226.0
2020/12/03 19:19:23,23.89,52.44,111922.0,227.0
2020/12/03 19:19:24,23.87,52.49,111922.0,217.0
2020/12/03 19:19:24,23.85,52.57,111997.0,218.0
2020/12/03 19:19:24,23.83,52.63,112374.0,228.0
2020/12/03 19:19:24,23.81,52.67,112449.0,224.0
2020/12/03 19:19:24,23.79,52.74,112601.0,220.0
2020/12/03 19:19:24,23.77,52.81,113136.0,205.0
2020/12/03 19:19:36,23.74,52.85,113366.0,212.0
2020/12/03 19:19:36,23.71,52.89,113289.0,227.0
2020/12/03 19:19:36,23.68,52.95,113675.0,227.0
2020/12/03 19:19:36,23.66,52.99,113443.0,218.0
2020/12/03 19:19:36,23.64,53.05,113598.0,218.0
2020/12/03 19:19:36,23.62,53.12,114064.0,225.0
2020/12/03 19:19:36,23.61,53.19,114928.0,226.0
2020/12/03 19:19:36,23.59,53.22,114928.0,236.0
2020/12/03 19:19:37,23.57,53.25,115245.0,205.0
2020/12/03 19:19:38,23.56,53.27,115086.0,208.0
2020/12/03 19:19:40,23.55,53.32,115564.0,210.0
2020/12/06 13:30:11,22.46,58.27,93089.0,229.0
2020/12/06 13:30:22,22.46,58.29,93193.0,246.0
2020/12/06 13:30:22,22.46,58.29,93297.0,242.0
2020/12/06 13:30:22,22.46,58.29,94033.0,242.0
2020/12/06 13:30:22,22.46,58.28,94033.0,235.0
2020/12/06 13:30:22,22.46,58.27,94246.0,232.0
2020/12/06 13:30:22,22.46,58.27,94033.0,256.0
2020/12/06 13:30:22,22.47,58.28,94246.0,256.0
2020/12/06 13:30:22,22.47,58.26,95105.0,264.0
2020/12/06 13:30:23,22.47,58.26,95322.0,240.0
2020/12/06 13:30:24,22.47,58.26,95105.0,240.0
2020/12/06 13:30:26,22.48,58.23,94654.0,242.0
2020/12/06 13:30:37,22.48,58.24,95870.0,258.0
2020/12/06 13:30:37,22.48,58.21,95870.0,256.0
2020/12/06 13:30:37,22.48,58.21,95650.0,256.0
2020/12/06 13:30:37,22.49,58.2,94761.0,256.0
2020/12/06 13:30:37,22.49,58.17,94923.0,258.0
2020/12/06 13:30:37,22.49,58.2,95031.0,240.0
2020/12/06 13:30:37,22.49,58.18,95521.0,272.0
2020/12/06 13:30:37,22.49,58.18,95466.0,256.0
2020/12/06 13:30:38,22.49,58.17,95466.0,224.0
2020/12/06 13:30:39,22.49,58.18,94923.0,242.0
2020/12/06 13:30:41,22.49,58.15,95194.0,239.0
2020/12/06 13:30:52,22.49,58.15,95521.0,250.0
2020/12/06 13:30:52,22.49,58.15,96016.0,258.0
2020/12/06 13:30:52,22.5,58.16,96016.0,264.0
2020/12/06 13:30:52,22.5,58.14,95905.0,260.0
2020/12/06 13:30:52,22.5,58.12,95905.0,250.0
2020/12/06 13:30:52,22.5,58.13,96237.0,256.0
2020/12/06 13:30:52,22.5,58.13,96683.0,257.0
2020/12/06 13:30:52,22.51,58.14,96683.0,248.0
2020/12/06 13:30:53,22.51,58.16,96908.0,232.0
2020/12/06 13:30:54,22.51,58.17,97133.0,234.0
2020/12/06 13:30:56,22.51,58.17,96795.0,240.0
2020/12/06 13:31:08,22.51,58.17,97817.0,256.0
2020/12/06 13:31:08,22.51,58.17,97989.0,256.0
2020/12/06 13:31:08,22.51,58.16,97531.0,240.0
2020/12/06 13:31:08,22.51,58.15,97874.0,256.0
2020/12/06 13:31:08,22.52,58.15,98393.0,258.0
2020/12/06 13:31:08,22.52,58.15,98860.0,250.0
2020/12/06 13:31:08,22.52,58.13,98626.0,248.0
2020/12/06 13:31:08,22.52,58.11,99094.0,246.0
2020/12/06 13:31:08,22.52,58.09,99686.0,246.0
2020/12/06 13:31:10,22.52,58.09,99985.0,245.0
2020/12/06 13:31:11,22.51,58.09,99746.0,256.0
2020/12/06 13:31:23,22.51,58.11,100105.0,238.0
2020/12/06 13:31:23,22.51,58.1,99449.0,240.0
2020/12/06 13:31:23,22.51,58.12,100165.0,257.0
2020/12/06 13:31:29,22.52,58.12,100892.0,260.0
2020/12/06 13:31:29,22.52,58.12,100648.0,247.0
2020/12/06 13:31:29,22.52,58.12,100709.0,250.0
2020/12/06 13:31:29,22.52,58.1,100105.0,256.0
2020/12/06 13:31:29,22.52,58.11,101259.0,260.0
2020/12/06 13:31:29,22.52,58.11,100225.0,258.0
2020/12/06 13:31:29,22.52,58.09,101505.0,240.0
2020/12/06 13:31:29,22.52,58.09,101014.0,249.0
2020/12/06 13:31:41,22.52,58.07,100831.0,258.0
2020/12/06 13:31:41,22.53,58.04,101691.0,258.0
2020/12/06 13:31:41,22.53,58.05,101691.0,249.0
2020/12/06 13:31:41,22.53,58.03,102189.0,244.0
2020/12/06 13:31:41,22.53,58.01,101753.0,256.0
2020/12/06 13:31:41,22.53,58.02,102064.0,256.0
2020/12/06 13:31:41,22.53,58.0,101753.0,257.0
2020/12/06 13:31:41,22.52,58.0,102252.0,245.0
2020/12/06 13:31:41,22.53,58.0,102756.0,248.0
2020/12/06 13:31:41,22.53,57.98,102315.0,260.0
2020/12/06 13:31:41,22.53,58.01,102882.0,244.0
2020/12/06 13:31:53,22.53,58.03,103073.0,266.0
2020/12/06 13:31:53,22.53,58.03,103073.0,249.0
2020/12/06 13:31:53,22.53,58.03,103264.0,244.0
2020/12/06 13:31:53,22.53,58.03,103843.0,256.0
2020/12/06 13:31:53,22.54,58.05,103392.0,257.0
2020/12/06 13:31:53,22.54,58.05,103264.0,250.0
2020/12/06 13:31:53,22.54,58.06,103585.0,248.0
2020/12/06 13:31:53,22.54,58.06,103649.0,256.0
2020/12/06 13:31:54,22.54,58.07,103520.0,245.0
2020/12/06 13:31:55,22.54,58.09,103907.0,240.0
2020/12/06 13:31:56,22.54,58.08,104232.0,238.0
2020/12/06 13:32:08,22.54,58.08,104427.0,259.0
2020/12/06 13:32:08,22.54,58.07,104755.0,256.0
2020/12/06 13:32:08,22.54,58.05,104558.0,241.0
2020/12/06 13:32:08,22.54,58.04,104689.0,248.0
2020/12/06 13:32:08,22.54,58.03,104755.0,245.0
2020/12/06 13:32:08,22.54,58.02,105019.0,260.0
2020/12/06 13:32:08,22.53,58.02,105218.0,258.0
2020/12/06 13:32:08,22.53,58.0,105284.0,260.0
2020/12/06 13:32:09,22.53,58.02,105484.0,240.0
2020/12/06 13:32:10,22.53,58.01,105952.0,240.0
2020/12/06 13:32:11,22.53,58.01,105484.0,242.0
2020/12/06 13:32:23,22.53,58.03,105550.0,263.0
2020/12/06 13:32:23,22.53,58.03,106020.0,244.0
2020/12/06 13:32:23,22.53,58.04,105684.0,249.0
2020/12/06 13:32:23,22.53,58.03,105151.0,244.0
2020/12/06 13:32:23,22.53,58.04,105751.0,266.0
2020/12/06 13:32:23,22.53,58.06,105617.0,256.0
2020/12/06 13:32:29,22.53,58.05,105952.0,244.0
2020/12/06 13:32:29,22.53,58.06,106020.0,249.0
2020/12/06 13:32:29,22.53,58.06,106020.0,256.0
2020/12/06 13:32:29,22.53,58.07,106155.0,247.0
2020/12/06 13:32:29,22.53,58.08,106425.0,249.0
2020/12/06 13:32:41,22.53,58.08,106493.0,245.0
2020/12/06 13:32:41,22.53,58.11,106222.0,256.0
2020/12/06 13:32:41,22.53,58.11,106834.0,264.0
2020/12/06 13:32:41,22.53,58.12,106834.0,262.0
2020/12/06 13:32:41,22.54,58.14,107315.0,256.0
2020/12/06 13:32:41,22.54,58.17,106561.0,249.0
2020/12/06 13:32:41,22.54,58.16,107177.0,256.0
2020/12/06 13:32:41,22.55,58.16,107315.0,256.0
2020/12/06 13:32:41,22.55,58.14,107523.0,244.0
2020/12/06 13:32:41,22.55,58.11,108220.0,246.0
2020/12/06 13:32:42,22.56,58.07,107940.0,240.0
2020/12/06 13:32:53,22.56,58.06,108290.0,256.0
2020/12/06 13:32:53,22.56,57.97,108643.0,256.0
2020/12/06 13:32:53,22.56,57.92,108643.0,228.0
2020/12/06 13:32:53,22.56,57.85,109355.0,246.0
2020/12/06 13:32:53,22.57,57.77,108855.0,256.0
2020/12/06 13:32:53,22.57,57.71,109069.0,256.0
2020/12/06 13:32:53,22.57,57.64,109858.0,245.0
2020/12/06 13:32:53,22.57,57.56,109858.0,240.0
2020/12/06 13:32:54,22.57,57.48,110586.0,245.0
2020/12/06 13:32:55,22.57,57.42,110733.0,240.0
2020/12/06 13:32:57,22.57,57.34,111250.0,246.0
2020/12/06 13:33:08,22.57,57.27,111473.0,249.0
2020/12/06 13:33:08,22.58,57.21,111250.0,246.0
2020/12/06 13:33:08,22.58,57.13,111324.0,256.0
2020/12/06 13:33:08,22.58,57.09,111772.0,256.0
2020/12/06 13:33:08,22.59,57.03,112223.0,256.0
2020/12/06 13:33:08,22.59,56.97,111250.0,245.0
2020/12/06 13:33:08,22.59,56.96,111697.0,248.0
2020/12/06 13:33:08,22.59,56.94,111772.0,258.0
2020/12/06 13:33:09,22.59,56.92,111399.0,244.0
2020/12/06 13:33:10,22.59,56.91,111997.0,237.0
2020/12/06 13:33:12,22.59,56.86,112449.0,224.0
2020/12/06 13:33:23,22.59,56.9,112298.0,249.0
2020/12/06 13:33:23,22.59,56.88,112072.0,256.0
2020/12/06 13:33:23,22.58,56.91,111473.0,241.0
2020/12/06 13:33:23,22.58,56.93,110954.0,250.0
2020/12/06 13:33:23,22.58,56.96,112072.0,245.0
2020/12/06 13:33:23,22.58,56.98,111847.0,272.0
2020/12/06 13:33:23,22.58,57.0,111399.0,256.0
2020/12/06 13:33:23,22.58,57.03,111997.0,240.0
2020/12/06 13:33:24,22.58,57.11,111772.0,231.0
2020/12/06 13:33:30,22.58,57.16,111547.0,246.0
2020/12/06 13:33:30,22.58,57.17,111922.0,256.0
2020/12/06 13:33:42,22.58,57.2,112223.0,256.0
2020/12/06 13:33:42,22.58,57.19,112525.0,241.0
2020/12/06 13:33:42,22.58,57.21,111697.0,240.0
2020/12/06 13:33:42,22.58,57.23,111997.0,256.0
2020/12/06 13:33:42,22.59,57.22,111922.0,248.0
2020/12/06 13:33:42,22.59,57.23,111997.0,240.0
2020/12/06 13:33:42,22.59,57.21,112449.0,242.0
2020/12/06 13:33:42,22.59,57.23,111772.0,219.0
2020/12/06 13:33:42,22.58,57.21,112677.0,256.0
2020/12/06 13:33:42,22.58,57.16,112830.0,256.0
2020/12/06 13:33:42,22.58,57.12,113289.0,228.0
2020/12/06 13:33:54,22.58,57.06,113753.0,244.0
2020/12/06 13:33:54,22.58,57.0,114142.0,256.0
2020/12/06 13:33:54,22.58,56.95,113986.0,237.0
2020/12/06 13:33:54,22.58,56.9,113443.0,244.0
2020/12/06 13:33:54,22.58,56.85,114376.0,243.0
2020/12/06 13:33:54,22.58,56.82,114376.0,240.0
2020/12/06 13:33:54,22.58,56.81,113753.0,246.0
2020/12/06 13:33:54,22.6,57.02,111697.0,355.0
2020/12/06 13:33:54,22.74,58.03,95431.0,1579.0
2020/12/06 13:33:56,22.9,60.54,86976.0,240.0
2020/12/06 13:33:57,23.07,63.55,82667.0,252.0
2020/12/06 13:34:09,23.21,66.18,82098.0,256.0
2020/12/06 13:34:09,23.3,67.83,86615.0,242.0
2020/12/06 13:34:09,23.36,68.18,91057.0,230.0
2020/12/06 13:34:09,23.4,67.48,95214.0,233.0
2020/12/06 13:34:09,23.43,66.33,96627.0,240.0
2020/12/06 13:34:09,23.44,65.14,99094.0,242.0
2020/12/06 13:34:09,23.44,63.99,100648.0,210.0
2020/12/06 13:34:09,23.44,62.99,101567.0,240.0
2020/12/06 13:34:09,23.44,62.18,103137.0,233.0
2020/12/06 13:34:11,23.43,61.55,103009.0,235.0
2020/12/06 13:34:12,23.41,61.05,103713.0,226.0
2020/12/06 13:34:24,23.4,60.57,104558.0,240.0
2020/12/06 13:34:24,23.38,60.15,105151.0,240.0
2020/12/06 13:34:24,23.36,59.89,105550.0,245.0
2020/12/06 13:34:24,23.35,59.65,106087.0,248.0
2020/12/06 13:34:24,23.33,59.4,105751.0,233.0
2020/12/06 13:34:24,23.32,59.19,106020.0,240.0
2020/12/06 13:34:24,23.31,59.1,106493.0,246.0
2020/12/06 13:34:24,23.3,59.08,106222.0,236.0
2020/12/06 13:34:25,23.29,59.1,106493.0,226.0
2020/12/06 13:34:26,23.28,59.14,105952.0,228.0
2020/12/06 13:34:27,23.28,59.23,105885.0,234.0
2020/12/06 13:34:39,23.27,59.34,106020.0,240.0
2020/12/06 13:34:45,23.26,59.44,105484.0,249.0
2020/12/06 13:34:45,23.25,59.53,106087.0,224.0
2020/12/06 13:34:45,23.24,59.55,107177.0,238.0
2020/12/06 13:34:45,23.23,59.49,107246.0,244.0
2020/12/06 13:34:45,23.23,59.42,108290.0,244.0
2020/12/06 13:34:45,23.22,59.27,108080.0,246.0
2020/12/06 13:34:45,23.21,59.1,108501.0,240.0
2020/12/06 13:34:45,23.2,58.97,108080.0,218.0
2020/12/06 13:34:45,23.19,58.83,108220.0,235.0
2020/12/06 13:34:45,23.18,58.67,109498.0,244.0
2020/12/06 13:34:57,23.17,58.49,109642.0,234.0
2020/12/06 13:34:57,23.15,58.33,109786.0,240.0
2020/12/06 13:34:57,23.14,58.19,110513.0,246.0
2020/12/06 13:34:57,23.13,58.08,110367.0,246.0
2020/12/06 13:34:57,23.12,57.98,110440.0,256.0
2020/12/06 13:34:57,23.11,57.87,110149.0,237.0
2020/12/06 13:34:57,23.1,57.79,110954.0,240.0
2020/12/06 13:34:57,23.09,57.71,111324.0,249.0
2020/12/06 13:34:57,23.08,57.61,110954.0,248.0
2020/12/06 13:34:57,23.07,57.56,111697.0,208.0
2020/12/06 13:34:57,23.06,57.49,111102.0,232.0
2020/12/06 13:35:09,23.06,57.43,111250.0,240.0
2020/12/06 13:35:09,23.05,57.37,111997.0,250.0
2020/12/06 13:35:09,23.04,57.34,112753.0,240.0
2020/12/06 13:35:09,23.03,57.29,112449.0,240.0
2020/12/06 13:35:09,23.02,57.25,112753.0,248.0
2020/12/06 13:35:09,23.02,57.2,112374.0,248.0
2020/12/06 13:35:09,23.01,57.18,112677.0,240.0
2020/12/06 13:35:09,23.0,57.17,112982.0,242.0
2020/12/06 13:35:10,23.0,57.19,112601.0,232.0
2020/12/06 13:35:11,22.99,57.23,113520.0,240.0
2020/12/06 13:35:13,22.98,57.28,112830.0,238.0
2020/12/06 13:35:24,22.97,57.32,113366.0,256.0
2020/12/06 13:35:24,22.97,57.34,112449.0,240.0
2020/12/06 13:35:24,22.96,57.4,113212.0,240.0
2020/12/06 13:35:24,22.96,57.43,112830.0,249.0
2020/12/06 13:35:24,22.96,57.46,113059.0,256.0
2020/12/06 13:35:24,22.95,57.46,113908.0,242.0
2020/12/06 13:35:24,22.95,57.47,113212.0,224.0
2020/12/06 13:35:24,22.94,57.47,113212.0,272.0
2020/12/06 13:35:25,22.94,57.47,113366.0,235.0
2020/12/06 13:35:26,22.94,57.49,112753.0,240.0
2020/12/06 13:35:28,22.93,57.5,113366.0,225.0
2020/12/06 13:35:39,22.93,57.51,113212.0,240.0
2020/12/06 13:35:39,22.93,57.53,113136.0,256.0
2020/12/06 13:35:39,22.93,57.57,112601.0,242.0
2020/12/06 13:35:39,22.93,57.63,112906.0,240.0
2020/12/06 13:35:45,22.93,57.68,113598.0,240.0
2020/12/06 13:35:45,22.92,57.65,114533.0,256.0
2020/12/06 13:35:45,22.92,57.61,113598.0,248.0
2020/12/06 13:35:45,22.92,57.59,113212.0,266.0
2020/12/06 13:35:45,22.92,57.59,113675.0,244.0
2020/12/06 13:35:45,22.92,57.61,113520.0,242.0
2020/12/06 13:35:45,22.92,57.58,112982.0,248.0
                                                                                                                                                                                                                                                                                                                                                                                                                                                                                                                                               